-- phpMyAdmin SQL Dump
-- version 5.0.2
-- https://www.phpmyadmin.net/
--
-- Máy chủ: 127.0.0.1
-- Thời gian đã tạo: Th12 14, 2020 lúc 10:43 AM
-- Phiên bản máy phục vụ: 10.4.11-MariaDB
-- Phiên bản PHP: 7.4.6

SET SQL_MODE = "NO_AUTO_VALUE_ON_ZERO";
START TRANSACTION;
SET time_zone = "+00:00";


/*!40101 SET @OLD_CHARACTER_SET_CLIENT=@@CHARACTER_SET_CLIENT */;
/*!40101 SET @OLD_CHARACTER_SET_RESULTS=@@CHARACTER_SET_RESULTS */;
/*!40101 SET @OLD_COLLATION_CONNECTION=@@COLLATION_CONNECTION */;
/*!40101 SET NAMES utf8mb4 */;

--
-- Cơ sở dữ liệu: `duan1`
--

-- --------------------------------------------------------

--
-- Cấu trúc bảng cho bảng `binh_luan`
--

CREATE TABLE `binh_luan` (
  `id` int(11) NOT NULL,
  `noi_dung` varchar(255) NOT NULL,
  `ngay_bl` date NOT NULL,
  `id_user` int(11) NOT NULL,
  `id_tin_tuc` int(11) NOT NULL
) ENGINE=InnoDB DEFAULT CHARSET=utf8mb4;

--
-- Đang đổ dữ liệu cho bảng `binh_luan`
--

INSERT INTO `binh_luan` (`id`, `noi_dung`, `ngay_bl`, `id_user`, `id_tin_tuc`) VALUES
(6, 'hi anh em', '2020-11-29', 15, 6),
(7, 'lúc này', '2020-11-29', 15, 7),
(8, 'hi anh em\r\n', '2020-11-29', 4, 6),
(10, 'bài viết rất hay\r\n', '2020-12-03', 4, 7),
(11, 'hiiii', '2020-12-08', 16, 7);

-- --------------------------------------------------------

--
-- Cấu trúc bảng cho bảng `danh_gia`
--

CREATE TABLE `danh_gia` (
  `id` int(11) NOT NULL,
  `id_user` int(11) NOT NULL,
  `id_nhan_vien` int(11) NOT NULL,
  `danh_gia` varchar(225) NOT NULL,
  `so_like` int(11) NOT NULL
) ENGINE=InnoDB DEFAULT CHARSET=utf8mb4;

--
-- Đang đổ dữ liệu cho bảng `danh_gia`
--

INSERT INTO `danh_gia` (`id`, `id_user`, `id_nhan_vien`, `danh_gia`, `so_like`) VALUES
(18, 4, 5, 'Rất tốt', 0),
(19, 11, 5, 'Rất tốt', 1),
(20, 4, 5, 'Rất tốt', 0),
(21, 11, 5, 'Rất tốt', 0),
(22, 11, 5, 'Trung bình', 0),
(23, 4, 6, 'Rất tốt', 0),
(24, 4, 9, 'Rất tốt', 0);

-- --------------------------------------------------------

--
-- Cấu trúc bảng cho bảng `dich_vu`
--

CREATE TABLE `dich_vu` (
  `id` int(11) NOT NULL,
  `ten_dich_vu` varchar(225) NOT NULL,
  `mo_ta` longtext NOT NULL,
  `hinh_anh` varchar(225) NOT NULL
) ENGINE=InnoDB DEFAULT CHARSET=utf8mb4;

--
-- Đang đổ dữ liệu cho bảng `dich_vu`
--

INSERT INTO `dich_vu` (`id`, `ten_dich_vu`, `mo_ta`, `hinh_anh`) VALUES
(4, 'Giúp việc nhà', 'Công việc nhà luôn là một bài toán khó đối với các bà nội trợ. Ngoài công việc ở cơ quan, họ phải lo lắng và đảm đương thêm nhiều công việc không tên khác của gia đình. Để bớt gánh nặng và có nhiều thời gian chăm sóc cho bản thân, quan tâm tới các thành viên trong gia đình, họ muốn tìm người có thể san sẻ những công việc không tên đó. Để đáp ứng nhu cầu đó, dịch vụ giúp việc nhà ra đời. Đây được xem như một sự lựa chọn sáng suốt và là “cứu cánh” cho nhiều bà nội trợ.', 'content/images_dich_vu/5fc106730b060_giadinh.png'),
(5, 'Giúp việc theo giờ', 'Không thể sắp xếp thời gian để cùng một lúc làm tất cả các công việc khiến cho nhiều người băn khoăn tìm giải pháp khắc phục. Hãy để cho những người Giúp việc làm đỡ bạn điều đó. Sử dụng người giúp việc của Giúp việc Hồng Doan, các bạn sẽ được cung cấp các loại hình dịch vụ khác nhau nhằm đáp ứng mọi nhu cầu của khách hàng. Bạn đang có nhu cầu tìm kiếm người giúp việc nhưng vẫn muốn đảm bảo không gian riêng tư của gia đình? Dịch vụ giúp việc theo giờ của Trung tâm giúp việc Hồng Nguyên hứa hẹn là lựa chọn lý tưởng dành cho bạn.', 'content/images_dich_vu/5fc106ba2b78e_icon-giupviectheogio.png'),
(6, 'Giúp việc trông trẻ', 'Hiện nay việc các gia đình tìm người giúp việc chăm sóc trẻ em, chăm bé mới sinh đang được lựa chọn ngày càng nhiều. Thuê người giúp việc trông trẻ sẽ giúp mẹ bé có sức khỏe hơn, có thời gian được nghỉ ngơi nhiều hơn. Buổi tối có thể không phải thức đêm vì trẻ quấy khóc. Sau thời gian nghỉ sinh, các bà mẹ cũng phải có người trông em bé để đi làm để không ảnh hưởng đến công việc.\r\nTuy nhiên nghề chăm sóc trẻ là một trong những nghề giúp việc khá nhạy cảm. Đòi hỏi nhiều tiêu chí ở người giúp việc, trong đó có những tiêu chí bắt buộc như sau: phải có tình thương yêu đặc biệt đối với trẻ, phải có kinh nghiệm chăm sóc trẻ em đặc biệt là trẻ sơ sinh và xử tốt các tình huống, phải có sức khỏe tốt vì trẻ em thường quấy khóc buổi tối…', 'content/images_dich_vu/5fc107e57e38a_Icon-chamsoctreem.png'),
(7, 'Giúp việc người già', 'Hiện nay, nhiều gia đình có người già, người ốm, người cao tuổi… mà con cháu lại khá bận rộn, không cân bằng được công việc ở cơ quan với công việc trong gia đình nên thời gian chăm sóc người già thật ít ỏi. Nhận thấy được nhu cầu đó, Trung tâm giúp việc Hồng Doan cung cấp dịch vụ chăm sóc người già. Trong gói dịch vụ chăm sóc người cao tuổi, giúp việc của chúng tôi được đào tạo có thể làm việc nhà, chăm sóc, trông nom cẩn thận, chu đáo cho người già cao tuổi, người ốm…', 'content/images_dich_vu/5fc1080b483ac_icon-chamsocnguoigia.png'),
(8, 'Dọn dẹp văn phòng', 'Xã hội ngày càng phát triển đi cùng với các ngành nghề đòi hỏi các kỹ năng đặc thù chuyên biệt. Nghề giúp việc tạp vụ văn phòng tại các công ty cũng là một nghề đóng một vai trò hết sức quan trọng và vô cùng nhạy cảm trong mỗi Công ty. Vậy muốn Công ty có nhiều đối tác  thu hút nhiều khách hàng thì điều tế nhị đầu tiên là Công ty phải được giữ gìn sạch sẽ. Việc này bạn hãy nhờ các nhân viên tạp vụ văn phòng giúp nhé.', 'content/images_dich_vu/5fc1083cc00cd_icon-giupviecvanphong.png'),
(9, 'Chăm sóc người bệnh', 'Cuộc sống ngày càng phát triển mọi người đều lo làm việc mà không có thời gian chăm sóc gia đình nhất là người thân của mình không may bị bệnh. Không thể sắp xếp thời gian hợp lí để vừa có thể đảm bảo công việc vừa đảm bảo chăm sóc tốt cho người thân khiến cho nhiều người băn khoăn và vô cùng áp lực. Vậy thì tại sao bạn lại không đi tìm người giúp việc thay thế mình. Hãy để cho những người làm công việc chăm sóc sức khoẻ bệnh nhân làm đỡ bạn điều đó. Đến với Trung tâm giúp việc Hồng Doan chúng tôi các bạn sẽ được cung cấp Dịch vụ chăm sóc người bệnh tại bệnh viện và tại các gia đình nhằm đáp ứng mọi nhu cầu của bạn.', 'content/images_dich_vu/5fc108643aa39_icon-chamnguoibenh.png'),
(10, 'Giúp việc ngoại quốc', 'Trong xu thế hội nhập toàn cầu, thế giới như một ngôi nhà chung. Nhu cầu  sinh sống, làm việc của những gia đình hay công ty nước ngoài tại Việt Nam ngày càng tăng cao. Nhằm đáp ứng nhu cầu về giúp việc cho người nước ngoài, Giúp việc Hồng Doan xin giới thiệu tới các bạn gói dịch vụ giúp việc cho người nước ngoài sống ở Việt Nam. Dịch vụ này giúp bạn có cuộc sống thoải mái, và có nhiều thời gian nghỉ ngơi và vui chơi tham quan, khám phá các địa điểm nổi tiếng vô cùng đẹp ở Việt Nam.', 'content/images_dich_vu/5fc108b1a2aa0_icon-giupviechonguoinuocngoai.png'),
(11, 'Giúp việc ngày tết', 'Những ngày cận Tết Nguyên Đán, ngoài việc lo lắng cho việc mua sắm đồ đạc, chuẩn bị quà Tết biếu tặng, sắp xếp hoàn thành công việc trước Tết ổn thoả thì nhiều gia đình còn vướng phải vấn đề – đôn đáo đi tìm người giúp việc trong dịp Tết đến xuân về.\r\nĐể tìm được người giúp việc vào ngày Tết không khó, nhưng tìm được giúp việc chất lượng xứng đáng với mức lương chi trả lại là một bài toán rắc rối đối với nhiều chủ nhà. Giúp việc ngày Tết sẽ làm những công việc gì? Mức lương chỉ trả như thế nào hợp lý nhất và thuê người giúp việc ngày Tết ở đâu uy tín tại Hà Nội? Theo dõi bài viết dưới đây, khách hàng có thể giải quyết triệt để vấn đề thuê giúp việc ngày Tết vô cùng nan giải này nhé!', 'content/images_dich_vu/5fc108dd7e99e_icon-giupviectet-1.png'),
(12, 'Hót cứt trẻ em', 'Dành riêng cho Hoàng Quốc Bảo Việt (developer)', 'content/images_dich_vu/5fc127b3043b3_ánhhit.jpg');

-- --------------------------------------------------------

--
-- Cấu trúc bảng cho bảng `lien_he`
--

CREATE TABLE `lien_he` (
  `id` int(11) NOT NULL,
  `ho_ten` varchar(225) NOT NULL,
  `email` varchar(225) NOT NULL,
  `phone` varchar(225) NOT NULL,
  `tieu_de` varchar(225) NOT NULL,
  `noi_dung` varchar(225) NOT NULL,
  `tra_loi` bit(1) NOT NULL
) ENGINE=InnoDB DEFAULT CHARSET=utf8mb4;

--
-- Đang đổ dữ liệu cho bảng `lien_he`
--

INSERT INTO `lien_he` (`id`, `ho_ten`, `email`, `phone`, `tieu_de`, `noi_dung`, `tra_loi`) VALUES
(2, 'Ngô Hồng Nguyên', 'nguyennhph11479@fpt.edu.vn', '0828890896', 'Em chào anh quân ạ', 'Em xin lỗi anh ạ', b'1'),
(3, 'Phùng VănThương', 'chucquann2011@gmail.com', '0853009301', 'hi', 'cho mình hỏi', b'1'),
(4, 'Phan Văn Phương', 'chucquann2011@gmail.com', '0853009301', 'Chào admin', 'Em muốn tìm việc', b'1');

-- --------------------------------------------------------

--
-- Cấu trúc bảng cho bảng `nhan_vien`
--

CREATE TABLE `nhan_vien` (
  `id` int(11) NOT NULL,
  `dia_chi` varchar(225) NOT NULL,
  `phone` varchar(50) NOT NULL,
  `status` bit(1) NOT NULL COMMENT 'trạng thái hôn nhân',
  `kinh_nghiem` varchar(225) NOT NULL,
  `id_dichvu` int(11) NOT NULL,
  `id_user` int(11) NOT NULL,
  `hinh_thuc_lam_viec` varchar(225) NOT NULL,
  `muc_luong` float NOT NULL,
  `nguyen_vong` varchar(225) NOT NULL,
  `trang_thai` bit(1) NOT NULL
) ENGINE=InnoDB DEFAULT CHARSET=utf8mb4;

--
-- Đang đổ dữ liệu cho bảng `nhan_vien`
--

INSERT INTO `nhan_vien` (`id`, `dia_chi`, `phone`, `status`, `kinh_nghiem`, `id_dichvu`, `id_user`, `hinh_thuc_lam_viec`, `muc_luong`, `nguyen_vong`, `trang_thai`) VALUES
(4, 'Phong Vân - Ba Vì - Hà Nội', '0853009301', b'0', 'Kinh nghiệm 2 năm', 5, 10, 'Tính theo giờ', 3700000, 'Gia chủ không quá khắt khe', b'0'),
(5, 'Phong Vân - Ba Vì - Hà Nội', '0853009301', b'1', 'Kinh nghiệm 3 năm', 8, 11, 'Khác', 4800000, 'Gia chủ không quá khắt khe', b'0'),
(6, 'Phong Vân - Ba Vì - Hà Nội', '0853009301', b'1', 'Kinh nghiệm 3 năm', 6, 12, 'Theo hợp đồng', 4500000, 'Gia chủ không quá khắt khe', b'0'),
(7, 'Phong Vân - Ba Vì - Hà Nội', '0853009301', b'1', 'Kinh nghiệm 3 năm', 8, 13, 'Theo hợp đồng', 5700000, 'Gia chủ không quá khắt khe', b'0'),
(9, 'Cầu Diễn - Bắc Từ Liêm', '0853009301', b'1', 'Kinh nghiệm 2 năm', 11, 13, 'Toàn thời gian', 4600000, 'đáp ứng yêu cầu', b'0'),
(11, 'Hưng Yên', '0853009301', b'1', 'Chưa có kinh nghiệm', 11, 4, 'Bán thời gian', 5000000, 'Gia chủ không quá khắt khe', b'0'),
(12, 'Cà Mau', '0853009301', b'0', 'Kinh nghiệm 1 năm', 11, 4, 'Tính theo giờ', 4700000, 'Gia chủ không quá khắt khe', b'1'),
(13, 'Hà Nam', '0853009301', b'0', 'Kinh nghiệm 2 năm', 10, 10, 'Bán thời gian', 5800000, 'Gia chủ không quá khắt khe', b'1'),
(14, 'Phong Vân - Ba Vì - Hà Nội', '0853009301', b'1', 'Kinh nghiệm 3 năm', 6, 16, 'Toàn thời gian', 5000000, 'Gia chủ không quá khắt khe', b'0');

-- --------------------------------------------------------

--
-- Cấu trúc bảng cho bảng `setting`
--

CREATE TABLE `setting` (
  `id` int(11) NOT NULL,
  `ten_cong_ty` varchar(225) NOT NULL,
  `phone` varchar(50) NOT NULL,
  `dia_chi` varchar(225) NOT NULL,
  `email` varchar(225) NOT NULL,
  `logo` varchar(225) NOT NULL,
  `phone_hotline` varchar(50) NOT NULL,
  `youtobe_url` varchar(225) NOT NULL,
  `instagram_url` varchar(225) NOT NULL,
  `facebook_url` varchar(225) NOT NULL,
  `zalo_url` varchar(225) NOT NULL
) ENGINE=InnoDB DEFAULT CHARSET=utf8mb4;

--
-- Đang đổ dữ liệu cho bảng `setting`
--

INSERT INTO `setting` (`id`, `ten_cong_ty`, `phone`, `dia_chi`, `email`, `logo`, `phone_hotline`, `youtobe_url`, `instagram_url`, `facebook_url`, `zalo_url`) VALUES
(3, 'Công ty cổ phần phát triển giúp việc Hồng Nguyên', '+84853009301', ' Phong Vân - Ba Vì - Hà Nội', ' chucquann2011@gmail.com', 'content/images_logo/5fb5dd1106355_logo.png', ' +84853009301 ', 'https://www.youtube.com/channel/UCPvydxiOkJFhS_JTA1aVztA', ' https://www.instagram.com/c.quan201/', '  https://www.facebook.com/profile.php?id=100014981883018', 'https://zalo.me/0853009301');

-- --------------------------------------------------------

--
-- Cấu trúc bảng cho bảng `slide`
--

CREATE TABLE `slide` (
  `id` int(11) NOT NULL,
  `ten` varchar(225) NOT NULL,
  `hinh_anh` varchar(255) NOT NULL,
  `id_user` int(11) NOT NULL
) ENGINE=InnoDB DEFAULT CHARSET=utf8mb4;

--
-- Đang đổ dữ liệu cho bảng `slide`
--

INSERT INTO `slide` (`id`, `ten`, `hinh_anh`, `id_user`) VALUES
(3, 'ảnh 1', '5fb5ecc2795f9-banner1.jpg', 4),
(4, 'ảnh 2', '5fb5f010db52c-banner2.jpg', 4),
(5, 'ảnh 3', '5fb5f1513e169-banner3.jpg', 4);

-- --------------------------------------------------------

--
-- Cấu trúc bảng cho bảng `tin_tuc`
--

CREATE TABLE `tin_tuc` (
  `id` int(11) NOT NULL,
  `tieu_de` varchar(225) NOT NULL,
  `noi_dung` longtext NOT NULL,
  `thoi_gian` date NOT NULL,
  `hinh_anh` varchar(225) NOT NULL,
  `luot_xem` int(11) NOT NULL,
  `tom_tat` varchar(225) NOT NULL,
  `id_user` int(11) NOT NULL
) ENGINE=InnoDB DEFAULT CHARSET=utf8mb4;

--
-- Đang đổ dữ liệu cho bảng `tin_tuc`
--

INSERT INTO `tin_tuc` (`id`, `tieu_de`, `noi_dung`, `thoi_gian`, `hinh_anh`, `luot_xem`, `tom_tat`, `id_user`) VALUES
(6, 'NGUYÊN NHÂN GÂY RA BỆNH UNG THƯ XƯƠNG', '<div class=\"dt-news__sapo\">\r\n<h2>&nbsp;</h2>\r\n</div>\r\n<div class=\"dt-news__content\">\r\n<p>Nguy&ecirc;n nh&acirc;n ch&iacute;nh x&aacute;c của hầu hết c&aacute;c bệnh ung thư xương kh&ocirc;ng được biết đến. Tuy nhi&ecirc;n, c&aacute;c nh&agrave; khoa học đ&atilde; ph&aacute;t hiện ra rằng ung thư xương c&oacute; li&ecirc;n quan đến một số t&igrave;nh trạng kh&aacute;c. Tuy nhi&ecirc;n, hầu hết những người bị ung thư xương kh&ocirc;ng c&oacute; bất kỳ yếu tố nguy cơ n&agrave;o đ&atilde; biết. Nghi&ecirc;n cứu đang được tiến h&agrave;nh để t&igrave;m hiểu th&ecirc;m về nguy&ecirc;n nh&acirc;n của những bệnh ung thư n&agrave;y.</p>\r\n<p>C&aacute;c nh&agrave; khoa học đ&atilde; đạt được tiến bộ vượt bậc trong việc hiểu được những thay đổi nhất định trong DNA của một người c&oacute; thể khiến c&aacute;c tế b&agrave;o b&igrave;nh thường trở th&agrave;nh ung thư như thế n&agrave;o. DNA mang c&aacute;c chỉ dẫn cho hầu hết mọi thứ m&agrave; tế b&agrave;o của ch&uacute;ng ta l&agrave;m. Ch&uacute;ng ta thường giống bố mẹ của m&igrave;nh v&igrave; họ l&agrave; nguồn gốc DNA của ch&uacute;ng ta. DNA c&oacute; thể ảnh hưởng đến nguy cơ ph&aacute;t triển một số bệnh, bao gồm một số loại ung thư.</p>\r\n<p><img src=\"data:image/png;base64,iVBORw0KGgoAAAANSUhEUgAAAoAAAAFpCAMAAAA7sGnGAAADAFBMVEX+/v7Utpfk28nzt27q5NXvplP0xo/Zxq7ZhjDnmkfolTj8xHarh2rnqmj+/v7IqYpzSS/WpXHXllGSZ0roy6ru1LXquoeNVzGpeFDQeinjiy8KAQG4lXXImmzTvKKraC7MiknWdhr6s1n+1YtRJxS3hFQsBwNuNhaac1bv6+O2dDZMGQnRaBV5Uzk1FgyMRxjc1MdoKQ1nOyTd0byZYze8oorupTWFSyWGXUK4nIPNWBF8WUHVzMObe2OsWBfwtTb+0nxaMRujXCR5QhyFOw/ERwujfmHcoVz+5JVWNiVGDAKYUhvodiXckjIYFRUqJye4ZBujbUPVwJw4Nza4t7TifBh5eHavSA6opqXMayRIRkaYmJdpaGfngxw6IhXdsXeKiIZYVlbkaRzkbSGZgnD95Kz7wzpkHQRPLiHEfkD/86LBnoCyOgO9k139wVfv7+9RQDXBjmHAraFzYlPCPQP///+ELgjIXSXe4Nj/8Z2gj4bf4+PgXRL88N0fHyBvTUd/gHyBPyGfoJ6+wL/egB7e3+Dij1D6kB//0EYAAAAAAAAAAAAAAAAAAAAAAAAAAAAAAAAAAAAAAAAAAAAAAAAAAAAAAAAAAAAAAAAAAAAAAAAAAAAAAAAAAAAAAAAAAAAAAAAAAAAAAAAAAAAAAAAAAAAAAAAAAAAAAAAAAAAAAAAAAAAAAAAAAAAAAAAAAAAAAAAAAAAAAAAAAAAAAAAAAAAAAAAAAAAAAAAAAAAAAAAAAAAAAAAAAAAAAAAAAAAAAAAAAAAAAAAAAAAAAAAAAAAAAAAAAAAAAAAAAAAAAAAAAAAAAAAAAAAAAAAAAAAAAAAAAAAAAAAAAAAAAAAAAAAAAAAAAAAAAAAAAAAAAAAAAAAAAAAAAAAAAAAAAAAAAAAAAAAAAAAAAAAAAAAAAAAAAAAAAAAAAAAAAAAAAAAAAAAAAAAAAAAAAAAAAAAAAAAAAAAAAAAAAAAAAAAAAAAAAAAAAAAAAAAAAAAAAAAAAAAAAAAAAAAAAAAAAADgsOe6AAABAHRSTlP+/////v///v///////yD////////////////////+//////////////7///////////////////////////////////////////////////////////////////////////////////////////8g//////8E/////////////////////////wAAAAAAAAAAAAAAAAAAAAAAAAAAAAAAAAAAAAAAAAAAAAAAAAAAAAAAAAAAAAAAAAAAAAAAAAAAAAAAAAAAAAAAAAAAAAAAAAAAAAAAAAAAAAAAAAAAAAAAAAAAAAAAAAAAAAAAAAAAAAAAAAAAAAAAAAAAAAAAeVTVyAAAw7JJREFUeJzs/QtvG9mWJgo6GIxgPDteJHcEyWCEyAgGRVqkSFGmVD5WWZLbz8oqO28nqs8AmTkY1LmnHqie27dxge57MRgMMMD87Vlr7R1BUi9n5sk05T65M01JtGyLH7/1fuwn/8d/+P38fvZ2/o8n/+HJ7+f3s7fzH34n4Fd9Dg/r4hzu+0f5ZedXJWAFBpwanK8VlK/iHAqQ8bRajUYL8N73z/QLzq9GQBJCPBuhrJ00Go3fOfgbHASX8EYVKOA+bvQlqfnVwf0rEJADwD/dFst6rSGdWr3aX/wz/n7EqSyLQHsL7BoQUOpZcWPPP+LPPn8BAQ9JCiszS2gc13YOcNCKf6Wf9K/7HG4zj7hXu31OJCv+2uT9FxLwsF5h8QQswV1ocAbWG9ZXJ5SP7BC8G+bd5l71RL3uWNJef9aff34+AcnMbrkajnUHGluG+NT5VX/gv65TP9wNcA8tp75lZuo3yFhv9LyvLBL5OQTkzt7hDT+3Z22hAOGY1Gy1mrHTwoOY9HtfGSSP4tyTXamNpfoW9ZpWr9lqWkEswK6BCmzt6Sf+hecnEbBEo+LeoThP4D/rvM6p14TTalkMuOcEltpqEigglF8ZJHs9VWBxB9rwRCNsCLTPUcR7DNCWwk+5Woq79LV5PA8RcCOFW2JYhf2ESP1JHY1CDdnmec2W2nR6Kjz2kX1NqYlxyHn/C7yOr/0cbvy4+h1o4wdEux+ecLQdZgHC0rkDaPf7Dfjcy4GbIO5fmRN4DwFvaf/Dw+0s8+aATPYRErWpqvQLeAeftOAJIKBKVuF3J/DBU7+h8J5s1zduoH1qgUTXAGb12xZhDGjDQ9tTW06vSQR0vq5U4G0C7sQYJRK3o9sSEun1MRIQwBAH6IdE7MUgp020wdLviZgHTr12C+17wT6sW706GWCQcwh4EXSQejDFZ8ILrNf+7StzuW8TsAr4D2+A0aq1bkFSPzynGARVX7M6iIskNREaikK+Lpncx7lFvdYW2hXch7UQ/J16MwZnR2LLAMyvSnC3HQn9bySg85Vl/u8xwVt4UDjLidWqtVo3GchjEA8kEA0DKT96xD+jkhPY+Mpk8oufw7vRbt5CG1xA9PMk9P/icRhKLe72qK0/gU6MLfxN5yuL+e4k4Eb5IRqtZqMhIMFYo7mDSekCCiS2DxCwJwEkJ72vLDD7wqeqXyLUTQBboN0SeYQtAp6TC9hsA7aS4zgl0i3VAy72iID93tcV891NwFIemxyQzWmRW7fB5IkTEiRNCj04C5vNLQ7i957/HoU8cLb4dwPsBhmdDdqHwtw0h9z0otGhcK9puQG6QDzr9XVFIXcRsITkNiLAwGZrh4HcK26K6PemCiQC1qXfbfAD51DU1u4Au0L7RsaBsn5C1j1HbUnjYOwIAtZ6X5cTeCcBhUiS8cXTx1MJZXODyeFJKHFImm0J4GjHaBzijQ1WSSitr8sqfNkj0K74J23AbpQeT2luuAVWW14AXqAajIF7QQ4PaI4xIcPFXfqaVOBPICDiwf/jmGwR8InEE6Nqq81cB3goAe/abUFA/EiYOL+rwAfO4Y4C3AV7RwMKc6MO1WDpei2VnECJUG602r12UxUqsLnvl/QzzgMEbJWQICpSCQo3qyUmAhIgoIVpKbW1bYLBOhBZ68fW717g/WfHAgP/pL7UL8FuNTca8LC0wAi25YEKlMDqcMSbLYcKwtg307ecr0je7wxChFEQChDphwTs929qwC0LjBYA6JdbamubhG2PVGD/ayuRf8lzWBcRsEAbCdho3AK7DPgoAGkg2hZlArdcb4sqxfVz6ysywvdrwNbGAvclqSFJpQbcWIXD0gKLLExTtXrAua08jMXiGvatnv6ejL7niBik1dwCu0868CYBK3ODoS8GIfELywvDKheDrQn4HeBzf0W5wHsIWOOpFY4JICJVrvFObqqCBHQdhWUt5JxXpgUhIDmVSAWefHWNkl/s1G8QUIBN4t7cynptxcBtqy0Mr+WymMiHX2AsIlpivh4jfAcBS5HcKECABM+OUNYqpwRdwKHajntcEiVHquyvQ8UiboS/quTAlzu7OUDyADdoN7c87sNTnnJFT8cK3byFlU6RjvaAhe04biA7weDUTr+e3P+dBNxGpGQfF8vd5GjllLQBBcsCGlIyAGXTY7kqBWMyx4RJ7/c45M7Dpb11E2ypcgJLsGs8Cw0xcNhr9bDhEqQe3Zy26jE39MIgiPGLGhnhr0YF3mWC4SUcl6nQDSIlAbesQmmBh3GINjf21LYlPEDnBZgJSeKmgmPyuwq86xwC2Ccl2Dto7+YcDnkvaksdelj2+HbMeu3xUTxEAZes15YnIdpcBdbqp19NX+qdBKwQaUjbp4SkJOCmDkx6zoOgLHatrSx0mQ2kvtTfVeDdp1aBvc2/Gw4PSPvpa2GB20C0ITbD5GdHuUC4QT5g2PM8Ie69r0UF3pmGuUP9bUNSCqVTOiV0hu2eR+CAGxi3y0Q0uCZtjsnvBbm7T/1usG963KUFFkfq9bw2fBcAHI55FCIFbjAOJS7up19LIHwnAWv9neDjplUoNeBWDAyn10ZdOBxS9NHm7CMGwueIye9NMfccyrTeg3ZFwMPGeNvchMwBb3uIXne7ByLejh3VCy3LabTbbQr6vpbW/Lu7YSgVdev0dxOBjTILzXlmeUC+tieVtbgeRmZCC/7emv/A+YN0i3y3CXjD3LwO2q3hMA4AYw+zD/GRBdanzyuhza+pKebuhtSGQ+cWJjuJQGeThS7TLpiMB9KdhRgYO5UWbLepNf93At556tKdaO8QcMfcUODRDkPwuANVPSvABMOfbmNDUluIO7jcX8mA8N0ErJ2fnjrluR2FUGav3iub8YXhVYN31rDtAAGtcYzka6MqbFdC2f9a/OIvfRrnFdjSDbQrAp5smRuS67AoQlUCtK3xGa+GoBkmhwdtcM35SpZ03NOSDz7uFgWdXQLyCdSadVpBYlHsi7zj+k4ae2SI88BTPUviTmDjK4Hki59ar3eXwO8QkJrxuQUO3wWgBHuWJdreIPjwkJS5y2IvCMDwkL35SlzuewjYsHpwvLsJyFtcNkmYobdc83QLF08QQtSD7R+93rin5s+90ip8HZB8+XNKaN9FwDLkA3Mj5jGHbTdjbbA431ZZLsdDvRcGryEKYQyMT/MrGhC+h4A1ywJQ4tjbBWVbA3KvWDh/VQMC2V0yvW10j5vtNpiJ9u9RyIOnT2j3bqC9RcCtnP9QjS1vA7bwcwBsMD9NcLwR7SZN4nwdHs99mxHOxwKUHUw2GnDLBWxvyOdxj48fz+PqkJ7g85m/2+A7T80KucB79xGwzDhgrrUEOxxv4FUpIFbRCHFxx/nMr8Lg3EfAfrDLwC23RMwe8JUcKghkRUAvwOCD0w98Yq/iYlv+vRjywDm0AmvH5Nz0uOsSdwGHvWw85PQbto+Wsch4IQEx7vM8AbeYTvoa5P0+AtbCINxm4E2hrJelyU0HPnjGUnv3qI7FWSi3a7/vKbr/nAbj22hvSiH1ygXkNkaoQEduY0o6LtMN7YAJtKlW5XwVA5r3LieyABNhGHYxETLphMf1TRkEj2P9uLG/4kieLD5Dv6Tu/L6l487TCIJwxwpvo03mpswCDul/cPnOmIfdMGpw6VLGAZ6Vez1boM3F3fsK5P1eAp4zDkrlHG9noiks267DERTZeENAWfyqDLLA5OsIzb70qY2DUgduwK7yMC0wN+TvcOtLSjC8zBih3guCHNC1wXq3K/hlPh9nSY8/DrmXgP2zoBJL70YU0trNAqphgDU3z4o52TgM4Bfn7ZKCViww+T0Ouesc9thGB8a7BARxFy4gRzucHrUxFH4NUQfaYAx8ZTV23XFbhCQhy9tiT8zjl/d7CVgPWMCtsJDKDQFbJyILWG/5MWWmlrIo+qL0xTZ3Srwe2t84toGLRyFVQzBB//iFcg+nz84qHejdIGATx4xwsqZX5AA2I5tLeAP/8sBpAv/AOezFctsKIAz02FEoi6as+NFPaN6/oNJiQWWEdzEBFQguIIVlKWUFKOHS5pC0sSdVrnjYtiwIzWRHEnHI8e+R8F3neFvctx0e3v0GLiCgbaHbh3Jd9hqB2Idn6AHKYSA+jAF859QRRrj/+CPh+wnosF1Mdv1iEZYNNzFIW5Ux5JVFYiq/DOQyAJGRnjLHpPH7eNId5/CftsQ93rI3JO0n3AUEtOUtl5sX4FDYVWt5yYCNMk/DYvpflvH9qYMRfuQW534CchuMDNzyS/plmzi1R7bKfHybEzCwAAS0u7Isxy8seJTbHgZmREVZpm7xr6VI+WWPgzY43Hg8OwQss4Cqm/WExQGwl7mqpnl7CLyLwXbbCHYehPhRLRNftUfPwAd2RFvcL8kBk1sEFJl5U0gjuCIyGgRZVj0wBsQ8lT7IcYx0bPP/hVQ+drOwh/MHFHdCm1eFt0O+Ol/M21KD6ewIw5BsaSPqALm79DwP8W0gyhCKLJc56ACIiNu2ivd5ncTx474t7QEC9oUNzq2bVqGUSdVUedNpm7k8Ky+jBsxzlXOuOm05D+y2bAup/D0QuX0sTsDwtrgLF7A1VEO2+gQRcOC6OeWkAWwvvwwBbVUlMffCMLBk1XKZhwbnkJoSvEdtcR4gYI1xv+S2CmyhC7iTBWxLHre0oPm40rM9eZuBoZvjk806BSLeoxbKvZxz9+yWyy0IKLKAIN4e5fpkSQIbzDIPXcJ4DNGvHKLlhQN/0ANFyI7G8G7kvRptrHQecz76AQIejkurcJOAtVZYuYDc/UP/mBiIB40vuCM7OtB2/o0+EAN/z0ffPqW9CW8RsMwCDnm5U5Q+82zKDQ0Q0rTPApR9wh6e9LxezwY9WPS40/2YQ+GH7gkprUJ+E5PSBcQhEFW2eT+WqH+UKm+LfSScksS/aPHtJY/aLOzjNIJdl3tjburn2PhWVzHjJYcxKD03HMoudkRzN1s21Xbl83i+DdIOaNthEFh0reujDkQeIuC5u2uDNwSkLGC9zbAXPMYpECtWOeVUQTzP27DPiuFriz9h80Dk94rIzVPfImAl7jwTjYXgesOdHbWH3pJh63M+9BhjYSnsXpCbADFzU9mE32zbFqBtY/KWApFa3Os/Wp/nIQKeulwFWluYIAFbNQsLwXXrfSYPeflHqLy2bHn845FLn9hIQA9VoE2fYpdgjbclPF6h3Ms5HLvBLScQw2Bubp6cZtNFPDTltknZPhuMdRy62ATYllnmgtsdLpcBgO0g9zzbttvNZjskN7DRcx5tReQhAvaFBgxvErARYiG4Jucxhl+xx+MQHu3GlH/B2jjXf7bNf/EHP/bSNpK3Fv9eEdk9RMAb9oYIyM2NlIc5iHs4ltEPBKL1YjkOYhNNTWyFMT5aPRs/CHmXc3zvGvXH3Rv4EAEbREBRJN8SylpfjIOQD+hlwVDwj/t+IQNMbLS7gnr5EYXF8Gl8FNjtMhB5zLHZHo7l8ly0tevwNEXRiUzN0M6m3jDGTGu7L4Hvp4aXy1j1zlzM+qvg+Mmxi0+guYmZe9ZW7RbPvT5WI/wQAf9wxFhwExMk4DkfBzFRFkkDBkwW/jAlR2NTDrKQiyEiYXl2nuKX3imZY45J/Egh2dPpudvFkMreVOZGxtlX2bLkTzNXVnmuwZQZ5gTDoggQ6Db88qyeF7oIvhefokbkudf4seZiHiLgMWMbG7wRymZLtEfaFHSgXB6BM4LBmEnxh0MFEFSDHtlf+NI/G9uYGlTbCBNhcvJVNOx+uXN+xM42NrgiYE3CnRz1euzmlocy32ZL11KBe/C/CWDHIOEx2GMTnMIYXT9MAwbgCMpqk8wSb0uIH2kk/BABa8GGgFbZEQME7JdD0rIbDlXiXRtZFoc2BGFYlLPhSXJEwEvhXiD4xvAxBruch7Gt0jLt3+eEt88p2Juz2w5Pq4et53XJ6y1H4VvVHA5lrL6ZsXsUe59c5qhl0iseu65norcNfxosTRqk8JYEuU37GZ34cWa+HiagyzZtqWWJvNFyxifYnRYO5Rz7g9AcoOpTgymT0+crH8XOT2UbYhTkJM8Doib0mBvLYWB5fEbJ+T0dvXX+U0nAMhEj7E2ISRgnC9/mYdgzVSunKM/8lGUsdIGFAL2/HJuh64F9TjEKwXYQkPbgnZuH8Bd6vBk9fpxxyIMXVo/dsy0bXBKwQUmYmpWD8bWyUA2znDuAXm7ZZfkj9mU7RCrmDDmH6g/0YM+KbQm0pc23R3iPNjmwh9M4Wu8mHaj2zs1N/XQdqn+Kp6MgnI6o9msC2LnttT2iXJDL4+e+rFpL1w/fARVtCocty5N6FhlhIKD0KI3wgwSEwGwLk5KAUlmaBAKG08AMyQHcyULnNk/8wQf2LrcDckmQgm2uDm2cXD2Bv+9RCuV+zh/O7kg6NJpkgWknx1u/KFjIWKqadu5jHwj4gEcZvEXAR7uNXtAn1/0UnAU+mmHeFpe7birTULYnPUoGPkTAJ/8nJ+B4h4BNZ0zdaSZ1YKC3RwY4z7EmxOtuXsjDX2Qd5kRltAgAGiVlMEVglzL5OwOrcxy420kHTxDwNQ/4TCw5xZ5NaKv+5Uo2TTLElwULbA677cdw0MTEcXhE74cXsLOwzddSoEV/fAx8kIDnHJJgm4B9YYFV0xx6TB5S9FvW3vyqBcbOUelBxCEy0HbI8Bk7Jk1I4yF8E9TvDBSnFri3kw5gbnjjpTyUs6z9r0OIe7HbIEaRX8ZmDtoBnliB1fVk/12gUmpCDrIA09F57nlx7GEQcvJv3KQ/OrgfJOCpy9imVVxA4gQcEhN4F8uYm6JKJAqkHaRlzc0LsS9QjnOuET0ZRBLYF48xU0BB8EksOgwfHSb7OYc7BBRoCwuMClDOfflHechG4dB2j4B1Z/8MuGP7FeDO5PhyFYc52hzG7PwssNLUC57HMuAr0jDSo4T7QQL23U0mkDrF8QUIpwRtgYk9krY55lVxU7RmiLDXlv9rTkzM0Um2bcnzAx84aLcpD113SkgAk99T0k+wFsd2nUBcUhmK+wmHQ3M4XM3eeemSmV42cz3T440wwuQA+2xUhaEduBCdOLHr+uD+tJvU/FEqwMcH94MEbLD1FgF73AcUkKDpNVU7m+U8/QyRB0cCXD0yu6IimWauD46gr9jgonhtFQAh/vV72ytBG4/POfniBx2es21744C5wVrucQv8P88cysV0Gg4p5fdp6lIqOnQ/gXeT8qDDBqt86foygo3VeFst98nXNtJOyZ3m44H7QQKWbonAhAIzJ6A68DCeMlCBchwDD5GBps9scnsvM19m4JNAAJbatuLnmChoS+12ud28dpt/j9A0fPlz6q537Q0Q0KI68J/eTLsuiDxiSWirnutS6n85y8LVKPPNPMvA/vo5uH18FpE0nwD7Bv8eFdwPEvDJix0bTAS0eDP+0J8GoPpMdWjK2yfP49C32RHII8tC2cbNxdXdciUg9YZzk3+PCZM9nT8cuTcJ6Iz5Sg7PXaww+gVTXAZ5wD9gHcvDHLREbIbLJThC7a2b/Db068e3+Idq8HHA/TABz3cIyCHBEKSGNUmVypFVFwLHBeJgrMTJiq14klgmXattNB8iA/S7C5G/dgreiEIQbUskAYcQ7lGg5/1o8oo7/vKC0KZBEU+xvdjjaxtru2jXTvp3Cfvj8XseJmD/yOV9ulUUYtF9PS2wvRiEwElX9kYH2mFsovun2OT9bis98UWj75z37kMEor7H5B9/6WPtJB08lHZ+OY0c4FZoCEP82aUt+8Q+sMQsA7Sp3CSrrdpNsOGrk4bkxL34XrSlR1AefpiA9cBlZZMQ+sXgATo8KotdGtI3TX/lbREwBuUXhDItJd9IYY2uowL/0elVscw955EYhr2c/+y61SAiwdTjKf/hj1kmD72Yu37hCOMPO/cpx7UarWQM7DjcJe/o3iWU9IfY9ziU4MMEJCdwE5mBAhwfkwKkJpjYDUAOt0wwBb5K7LS24AAoOO+2d048dB5p39oXOH/gBNyMgY0p4TAcDj1vGGczbLpU1dVsxEzZxcjDlJXUkoTdJXsLBgZ0Hj/eT0F775npzxCw55Y2mAjoBdwmmLQQMRwV8nYIgukXhQbyBR4N6bQnJv2riabPQ/JXy8Dj/+ZWDTFIwF5A45hyGELwEU6nC28IYm8n65VpF4ssNBVFblVon6Bzc2N+8Y4LmG6dPevAzxCwv03A2LHIJrTM9SweYg7G3omAMftHWWZiHzi/llU2deBlQKf8fF4s/2p7ZF7sEnCMCxHqLdYd5UNTznOf51tjPgaS+4rMcy3IPgnJV9nbEu07LmB6bAz8DAEbR4QJtwpxLJLQJiuQgOaQ52DCnPKBEPm2WzzLjHkWi4caDsrlrfNAHCL99erALXsDAJECPK69DReFPzRpKB1Tz7Ng6C1DE/fwCPrV+udWiTb4fT8T7D0z8DMEPH6+JZSxhZDUW5gIoBBYlN98EE0/tEEgOf1qDdR9HI7b3LOsF3SsB2DZt2Oyp3NaOYHYgc7Hylvej55nYinOw1TM0A9801syhW96qqHyE7LunN8H9vhhtPfaI/MZAtbPBAFztAqlAjQp/sWRmBAeTdKDtl0KZJ8Dghb4n+6ChM7rF+Px+IXlgKvy6IRyb+d/dzf2BqSdZkHC2f8GHqDH8iHrMtO0ZY52KezHDnBV4mjff14g2viu3O2C7zMb8zkCPue5KdKApQI0RQrQBPfYlAM3BCoqsnD+GkS/u6VxQz8UzNfjcXAvKn+VDPzflxt7E4+tWv340JmORvlbedmdxb6bmBCKMFOVByTsQEHJsrisv7gf6tdoboiCY+tU+vauwGSPDPwsAZdCKEHQQtqHoFYExNFATIcyz1P4xo36iYOMOn1I91mEiDjEwbso+FjHWH/Ts0VAkHYJPMC6X8xf5W/TaZaFYIbldbbIjnK5ecwbOtDTQfY9hHbp8oC84y5+eHvuoOD+GPg5Ah4tN1aB2hCwNy0OQQpN0QQIj5O1ytUfCeTDyg8BKR0TMMKEyovebQr+NTLwdFnZm96YL6U0vU8zd/hjsprYqiebtifnI7d1SMJ+HvY+Y3orsF9wDUgUvFPg95Z5+AwBay7HBJfmcEiapjr0c1KCov3PlO0+90fASQTbe9MavB6PyxdfHVB8Y06/e1H5K2Tg+ZI7gUDAXJSczLeeG6pvVaetrrrv5KFq2nGjVH/ObfpVYG+jjYBvP2/dIfD70oGfzwOWBKwgoe5Ik2s/k/ZQ1ipETnfo93pcvvoQz+vXW78VjrdxQVRuUvCvryr3T25FwDDkCpCjjXFwOhqNljm4PRR91E5B2Hfp92K8DXa4/VvhDtr4We9W9LenqtxnCAhxGU8NACSiDUGVU/D9/JATMF4J96/mACLbLxpfJ6Bw6vQbjZPjk5OT7YYYXii3QgFKQPiENwXzr6w14fDFsgqDg1Nec2+7rvnWn8KDt2YsKxTebdWw8t62rXlN+KH/jQWQkx20CWwsC4w52gGn4G2b09oHBT9DwFO3EkoBCRDwk62acSyKcEqb99yC+e1ts48F1mm/UbVm3HlqDccic8wJGJyNb1DwMbXu/vbn8EVlb8IxdUIPhypz5aEd+jjnEMfKGxqnAf5ZW2C/5j7MZ8AGtM/DYNs0W84tLVj74nj/NAKCdH0SVThg4NuhuZlF4AmBhhX2tsTxDF5cQ7zs+k6P2s7B35LyYAuTWxQEDv7VWOL/K1hytMdhQFW4YY4j121A/G08/SFom3ytU10Kt/gHsj7u9Y+FZeFo34k4Vux62wR8fgbv0k1n8Ev3ZH6GgOcVAYNqPlUNxuqwbIRul/zbuCIAyHljuyUXPzs+OcaHljgbVJ40dvzls+fj81vhyF8JBetbBKSwzh91M3fGhm/VYf5+NE1N3uDrbPl3gJ0lnez0AgLO4POA2b0D7XpvJzQhCt4MR/pfdGjpp2rAgI+CoFOsFq5q/kguoEiINl6HG+3HwrJBCE+z2Xt+Zm9f21DeM6WWzeO7mARHz8dO8xYF/xq8QTLBRMCA52DeFEWxeO/K40A103CiiHHCDf/G4OgIWT/Gmxxazvj5c0+l9TD8/pD2Dth4x98NtIG/e6XgT4iCeXKUX831coi5Z9Ncj1K1sr/9TcgF2k8SpgDI17ZteZAUTNk0zJgvTSIx1dZVkmgpCG5S0JKatzD5Uojs71QEDHjCwfRxAN2TWXcUDtXS/p6PK1tzxgT90F9s4dqTySK7VnAykcr02C1i4iCJICHdPHwD7OdHwflNef+ScH+OgEeECfygNAqihjlRxwxdjILbgn9lNDY+C07F1CWyT6HDeee/yzFjSFVkVfVkiO+s9nB4JybB0VHQ27tzsodjLUuHBzeytcJRANwZDsO1uwI+0WLZem+8EfbXfeHxtSRZYdlkMFC82JZf2rNMxtZBExO24Eh6Q/Us894O7xR3QPuFc1Pev1xW5vPdMJyA4QlZ4KULQoWpKYpBBP82iFgnnH7APp3YZyt8SN30Xd/EjTrhP+Nm/TAdDuVcbSEBa3XnBiJnIJZH41tK8H/+rMxpSUAKQdT1ewYB39Acyj+StSH9V6L9moGa5NqvKev6IBl1C4XXBeRwyeT8XTgMR12gcJjlb9VgBX/VXeJ+dnZ2dHTWu6N39csI/GcI+OQ5YXJWhiD8JhRc1WmWV368flEhInH6NdqKoisDeUAE9AcISYr7jTNZdUdMxS2LoEZbwOMh7S0Jd9h3Blbh+ZF71rvFwP1PMPy2p1/6gDzhYOe4TzF418O8/w3+gbAfHyLax03EeSCnbJ0MzMlKsallUC66mcem0zV1EYIefdsavv1T/YYKBLAB7eeA9h3yLn2RS+Y+R8AXgoDYGtSkFlR1+KnLhhv+va4QqXFE2roB9FMmia+g/rN95pt+agKeoWfasQ1uiZfLxD74226oQAAET/AcVO9tT/B/8lbVxhGBfcb9bfmtPetm61F3qZb8O93w71QIu60nLJWTpRviqHDKsllur1I1Z+HKt/M8Noeee9QGRTr8k+rhqsGNCgRLAziDCnweHLnBbXn/IkrwcwTkYbAIQcirVVU/8VXhkjTKbHzAetweAP0UbZT5/nTEgIapb6aXOfYOBtN8CAoU/WKwCh5CAmowPt/G5AwRCY44CQGU2wz8n1oJHgdUCqEQpCWbb+11wdJwhfEev1yl5B8LGlzYbeOZNupOk6w7WspmuPTkYjoBM/xpNAtVEnJzmI8yD6zNn7zlaIn9dP1xZXyJf8852kfWHWb4t1eCnyNggxPQ4TkYM8ZW6OFbZBLtvKn4J8xvy+4YipIWlxMlTX1FVtZJGf+uf0jK9gW1LaEfiUf+kfzIMacfIHJ2dEY0JAY+v8M7/p85FrGIgPx24JfD8F2OIo/bEPhNy4J/L9i4Rv0wEgj7wJ8vFkkeRposu6NEtnF5hwnGN1FNL16lYKtiB9Buvc2n0/m3T+DP9Ur+Affo/yOg3z1m+Dfvlv4cAQ/JKqBTAhZ4KK/jt9iQIXPTWeu9qCQSX1m9rXd09P8qH1DxlTIHQ8skwEi44JG0SP9hOoYHwoDJGTp/gAUgckR+CcLiuncYhv+JZ5ZOyQckW6LKXjH1/vXt0As8k6xNn4PdG68tXn0HYdd1ANiHX6b/zlXeINpmynLZS1NlOPzkjmY2IIwlvRh3BYY5XZwUgpwHCDHxj7CG495lcX5zgf8cAZ9QfZJWUg79lU37OYesUOvHWykpwT9CRPHR96OjUxKmysRQ6noYTr23SDy87zEYvvWWNPlwgpgQHMRCjgh8BEfwL2Dg4WH98PBrCp0bZ2huqBNVvsxibDkfht2sfbjxdnpjZpGxaepgbPRiqg2UwWCgT7tdtDDAxFl3hHrP9FIZlF7cwkQg2OHu2Vv13ch6Uiefm/xswBpCYA42asHlXRbnpzLwkJ+f+5I/S0CpssBDO5HfDt1ZOPTp8qi6U/HvBBA6bPkokYrGUkXXdaU6g1IHmjbzX3oe0u8t+iZuPhzCU5SK6RMD0QI/LyUSH+5m4E/wTPiYbHxOc7L9r8ZzhJiPYcar/qc3jKlvWbcbyAlNQghrA/wjBXkI5hdA9pmrKXoyGWjZ4s9sADZH9otFAQR8KRczz8TLNVVMN8RrFg5Vts7pnesh2Ghpzkr68bM8uouB96S/RI8D/matIZXLB5yfuX/wswQ8BgIS35ppDBGIuZ6GQ7O1nQBkwTHqvwZIpG4gKvB/si7pV2lAJGBoo0+DQzZ42fJbzNDD56eIySlJpQg/yCKgUUAH4A4G3tE5VK+1Go0+nkaz2QA4TnlrUh83M8Q97+uo5p0DAXtY0Q3BPAyHq+mUvRxSAMKtTe8F8Q+cHSNKdCHnk1GmKGEY+mRvZD9WTDuI5WDlqWB91VbPDeU8RsFXhx7D97JhBc/R166EnZvg+xjYvwl3vV4VT8QOEIcm4fv41Sl89dMl/rMEPHyOkADB4lFmUhOCyR3AExGRnXH7C/xDQAwOShqWBPQ3GpDiD+TcW396qao/BjGPQ+j+TIiEz3hEJpQfQUIUvCtBgF0y1cajVms7gKOR5MbJVnMSNR/2nK+gnOegI1avPenPulMIYk3fN7m0O4J/a34FsGdEP3TXZGkGSrqaAOZU9mTgeoOvYy+6U68swHnT7qUXvpuB+z780zCPKXsRnj3fpp/7XKC9PLtrZAStDm13bLVazd0aFV6RKG13gmH3IVDyp3Lw8wQMXLLAdYXhJIivvgVIKG4IRf6F80/rEPvACVQg/FUGQv/5K0W25UoJEiSxJ49Z/D9+dHtvKRhWVVEmf/58xyAQJMDAO6Xy3gP069/oAeMklGJA5VcgyW95+q5L5kZNXjG17R6pIlNaplvZa86/jrHodqca4Awez0CAbaajgivBT6PpaGJyAr6Ukwnz1XWRg+PTVt/yArwzDo62ZN3lWCMDx5/ZnrIzX+xY1mmjfgfatILvp1DwpxCQEvOqiYVt/xMm5bdEMmD9Q8E/A+wvWmDFTQYkmagJ8do8eZIoG/4NzfVy+PZTjgYB/suZN+RtRsjAo+e77KPzWUx2ECH6beOx6QrDvZiPO4buH6EFxhhYNodxxgBtbh54BMzGFP963xn6h1ev5oYymRRdNuAO9yDNugmAPWOmzxhwTiVfW4fAbxkOh9a7d5aVZTHYZAogg7OjioDuNtx3Gpz7hH278a622U9Iu1nin3JT+08gII/61RS7CUxVGOBGKPqBTjH+aGodAw/wjv2wBg2IwTDAIrMukwfyKtnSf7jdRI2XHum+obp8H78FO8HzXAHGZM/P3B3+wae3m9buPH0QSOfmRsxNeybtUHm8N+fiAQI6SDj/3ZjahlRugE+FtAcNRFs+ALT1NPcVCFKmmHTQl5k/MJMR7s1KMoiGbX6Js+rJ3g9unI38t38KRyN3Pc1y0Kl0jXqPwBYE3DrL4OcI+w32Qcy8QRsFXvqc5/0TCMh4b1DCqJGKfBIQSR4BU0rgsKV0jI6hoAJU5mAGMAxJmY5Cmfg79nc4BEuBrQyfYm58sbqCDTL0E0vjwKXK5A4i98Qhd5w47zVKREQvZl2y2lsmAieXe87jjYlPXT78Pxmt+e6dXWnvg7dz2EZLw7Nc8+n0Gj4Z+IULsZ+fsFRR7I2w/2s8e7cAVoZu+tZMw094caSK+ddayUDi3w2wj5yfslSrL/VCp2Ib73utS3ku1avFpLgjKO59xuv5LAHrLrWiNnkmDzm4McBWENBLSS80w9A0nSJgn38gA5wopsJSeTCQFQ6JjCEJrZaGgCwAqz58S2ZZjnmtaUza7yYmy/FPIiCpv2324WlITQiQa3w4gFD5PCj7O+cuNzcDX36JKnBb2l+se/Xa8aFaZNozzWVIQj0MNUA6dD8pAz0rZNmdpdQoLFMboMXcYlH8OUGA371rD4dv48AbvpWLF6UOdG/RD875T7E3YGxKYS+hxtgYY8NmswxHUCd+Rt4/S8CGizsp6+oA0EBMdkWSskr2QcYMMAdMMTRkXpkeUPwJRCFr1IEgl0Q0bY30I+My9HDt3TCdATJqnlKzGjCQ3QYEI8PPn38LS0QQDNrWzVGhhjl4AuARWhBAeaQ5GcvF2nhLll8OvRj8nWFtI+1sDK/l/2ppWXeuJN3utZ6swMaAq63NuqPJQGEQAruXhDaB/dafXcqqj/eHvH3rFQw8wv866mbtIRutWlhIIAbecXqfJWAD1N9pKezNJoDd7LdakieR9kNtUauJG3LQ5Dwk7z8hEU0yCSrM9F1wIChtLLoiWY9SogcdDTRglC0Mba5RCUTXN3UQqsgRJEMz/eQLPUoGBuOQPHPlt/k0LK1weBcDP0vAxpZBAESQf43YQfoRD8E4QEzWdBrCNDT+rfcoPcHDFwxNWBM0mP8P3fFQ5ZWz1yLdcAhf6t9pqaZExXQRXXajgTbRB9FisQAC8rIndWFS/BH+gEtUzXYb9N+PlH19my6KQvbAKPPiMjDw+S8iIKi//kbYAe2mFXrNXm5JSL96M4+xqHciTE7/IU/wswTsMd6bASaUdVdDokmf8+9sTPhoZH/BMfF1+KikqV7pQJcNcGuqEEk7nc34sndTJARp5x0AZLuuzAMRLIncFsvPmuCNQWg1VW4QJOu8KRQhWOEWGYdWuc629rBY7uvUxgHPOJhDiii2pP3FGpfTHnoHmh6xieHnqaEluvZDt9DxLhZMPnRxeTQWQ3AOxDl7353Kb0nOvWzWezt8+/YtqFVvKLOi8N5yBp6P79CBnwn50Ps7r4SdK0A1hHhY6kktvJMEwfedKihGp+d+M/z5WjDjLiBwRkllngLkPskYfwcCtu87oPkSSsKAWxLNZpoiCnF6MR8oaan/5Dn7tKL71ckKcwKqXA/ioJLt1HmH1w0G3peKvhORpqo21dhDDPr48G3lnzh5cxOxkVj+2vT5y08DWwGPa6ofm3aSKNzdKaW9XgcHsAMB8GKUAMIQ8Q3A+Ha7KOSo+NwZS11XkRWClnWLNS6VNn1v6Ha77nDof8op8QUOt6fGLq+oODctztFnzc2W+gNhV62gB96NdQpfOZLTbtUaTbyHLW5CSCJt5P2+Ts7PdsMEFJapEzfHRYAEiVRFwPDFjwcGRMCoASkLM9AKN4WATB+IQtxylA/4Qn3Fx04hLMeVGpDv2RfVEXl52SaBOekFO6AcfS4x4OQVIpT6dwILaNgsZxJbLbqjqdUg4SlnFOuNR+gI9tGpwZ2As5XIDZRDIGPMt9Zr31C6S9M6xrNngHbRHYFXpyUpibuPXyc0dwPeTuh5prxcrmaz9fzVIlHPgKuuSn+t+na4HGUOtzi78n7kLj+TB+yFPT548Qd0/VoSLh6MSQ22anESNmsxKL9m7aTVjPO4Va/c7nsszucIWGO4pKQuL7oF7WOjqQIKQYKzk3rtsNHpJEkHjTAAo+gRYqFjhxAIMBEwYSHn34Dv03qzoih4w0DBwmE7DN6oQl52zPDd9cltRM6FZW2Kv67fbEvNFl3SBEaXCNjCdcotDM1a5QUSx4+PgeeUBWy5o9EC8/6tjbtD0n7odZLZPEJro7EIlOBi9P79aDFh7g8MBN6Uo4QlZG2wAx0bYgqWZNNpGucmeH7T0dTDOw+Bgu00THy63QEEcUvegX/jB5MwoP4kMYfXBO8SEJca/V4PAG43680YFF+r0WiBxwOebANkvsrINO5h4GcbUinQqMkgZUicDSSvGfokdf87Y74wEgaYFLMERHABBtgHFi5cTM4PBiInZSbLlO9yM4f25TtPLU1waYVzDzsNS0fQ2oDyIP/6Uhxy9Qe6TUXziw9EORWgKkNhUH+SSMfUqvuEgOjeI8sInp+RudEYS7m5Kd2dgH6jqRkX3Ww+Kp4B0N015gEXi+krZVCM1hDsYdGdsg04jRTyBcqm6fs2dSEUi1eLNZ/GeRu8k8EhNG/L+9Id31ML3lF/GOqC38dyVTjcoAlDB9TgyQkZm7rkANoSuOXEQWFx+ne95M8RkG6mgbCMb4QmCywgwRTgYftAwxBYi4iAcyNKEk1XmMuDYMVHhSiDg2cq7mjykvcEmvYSO2qAczFn4I+WPBRfmHKT+66nJSjPX9zVJbkRyDId0JDUIcYf9DeiRWgCkJ5XGmLuCDYJF6/1SBl4+E9jHD6UUWpXR3TRdIPPvJIaqPuYb/A7yeSZPp+OFoYSvZrPCzA1fuq++5S62WTAsw3z0TQR+xtNkOs20i5NkuQNBCRHrudl3fyth0qgJbTT+Ixn/4Ne8wH+xXkp7I4zHEoBujolBRsOkBNUX6sU+FbNIz8wFq73PQz8HAElGkdSRU9pi5zi16QAT59gChogMRQqw3UM3zd4DgYCYeLfYN1dD2TMAwxkHy/NfBPGtFoV5BTvoPf5gDrrrsk32VT6CJTwDLyLU6lxH//6fadXlj6QS6oEJgEJ2CZViHoQbQN8BOUI5Eu9GmVkmk5ZPsc/9aisML8cUwZxx7gBVc25kPYTLu2a8SzSFAQ8hTBYNyYJzn7pZjrqThejboHCPrQVO2E4CfsOjI7qudk7hmkYD0RUfRvAX+y+n+bhaAb2WOXbKWoS/BOvcbnWvcLekLyyzonLkTwnRF9RbUmW44AdBho6PYiCUeAlh9IyLfAD6/BFoywB3GmFP0fAPg0EtwUBN2nRIAD5PJQO0B9ml5GRRBiD6CIUKRui0zAlBzBkCgkk667M0DP5xD6ZA3h8m6IqFxQUA2AcFKsnNe+lnwQiVwpkDQLfZjsIgdQSULBtOWrc5q4f/gJN2aw1nD5mYTAjXQN7LP4Rx/mNuPSLjoWhaQtzrmyxCPC1cXPD/SAfzI3xoTuLkilDdDHz1ev5iHc0//+waMIivFAz/2Hpu91guIIA2RzGECiPuu9+xL63GCD32Tr0Q1+eY1lYleU/1UW6GOilPoQ2vBsN4etYY0cau2GzF0hq2wnPnDho0woa9Hzi2OphQCxhPaQN9GtKXqO0wrcZ+FkTXKah+Sasqi5E4RooQJDJaNSdKywR3QiiJVCnyAx9QDAA9nSUmlijTJknszc7QchQznHvp8mzgtS2b4v7V4CCIa6Av8MoICChuKWqftxQ5bMjTz0/Vdu9NqhC3CfqtDFHRcFwHEroCSL3wDjEMbooktiVUntM2Zi65VTmJvWb9XLrBHmAXAFGwKd5kgHaEIsA0J6Hsn6d5bKChhu1/7I7eg8KUfbX63QoZ93ZbAYMVN+C4Q1U5nrodLfjNMYrsN0V2k1ucs7DEDee30YbfRnrdUm/vtRmYKodx2mDzgviluN4PUcFwmHmv+WMCW200gBxnHuNvueJFgVg4MnN1/w5AlpItJZCCgz9M7DACAklTOuoAAGT64LYp2vXkaLzlkAldSe8AtKWVVkJk81cCPZzpYxsMBEwZjK2RocZs4GrwETmmsNmVUkMae3iDVicnhX2pEqzx0A54FyLkoDg2+BnrSbwTkLHGAuU3FNuUu6qsXOP50l8p2+8l3NMjW9thaIHqrlzC8xncnwiYFEUF7piKHrWBbQVIGEK0fBUM2WQdxXcHXvCkvmrYq7QchjWHdHphm/ZaJT5i4X6r2+H+XT0Lo57QzV1R4X5p9KwnqLAezcdHckDU3NaujpSEKueA4wDUyu1HMsDKxwEjhMEoPkwLd1vCKcQE/+NBqFdE8mvunSrAvW5JeVjikEU2UcF1qos8JlFOWiwCXB8v8PTU0xTIswOsInCa3E68s8cpL65aYtGV88PKwJSFPIjEHCxluN3YETN9L/SIgAul/UGqDp+TxinHvbXWwhI2XbV9jxcASXFbfG3lcmY2JKadERpuEpJY0GkiUb4fs9kP6dPV0HKgxytxMbcUC3g8NsI3R1Dy3PMeE3Wa2ZMMghA5pSWTl2mk7SbWjE2B7HvYRBs2tnoPZ7pyB1O5h8SvNL+LB+GWcHybMTUt36Ilw5LxxxtvHOJriSqblgDsKnlmYN93JBicCVVJwjboDmY12xiyzW8P3Gv57QIbNGboDrofvMNkS1MS3Md6PRuON2fu6qL+nPbA7uYDGVZFIZeQAiCoQnaBI1Q6QARsSFL1xPAQUcSUjRi43owUIeTwVZfPpJwKEohODj91s5mFAIP46ywh+ZbeenKfvZC1HHwzsNzy8qt6vRORcsz7kDyaEu12g6OsAe9We5+o2wMWuCSg/A/GAWgHWYGazUvl0ROGqTysYTC5+jvtOTBshvyJEwjRLQDKnl6mHBINMPXO51nSbe7VAbJ7FpRcCxpMCjAMpsq8M9fT5ls5gF1Zb3M30/pLKYFXfj69l/VDK+eA3Lm62IRY0Nmdxlm707rT+pV1+4u2lJDaMj6ieTBOwpRZeCCJYcHioIdr9HAkK/F0ea1uZaTO06vWaOEg8e7tLjTfcPl+QwBJeuYu4C+n2NlqH5sVZCQTegkrNPRRD+qIaLgyYSXg3WMgGV9ifWhajJJZthVTf3VqhzGwGt7ucSADPfNxJgnjLOlLK8TE37445po8ebXvjo4aHRcrgGtN0AY27YHR247kujBhCP12lss3KhBXhtuoZSiaSgXFD6WQOTQOufmxk4L1yZzE2DGgdHTWqQZSbfgMM9HM2zI1334fIB1OZxOx/hfKbpZairZzKcV3smiPIU5fP6/9EwrZ0XhD9/K77pHuEFwaBZTN2Ru2G7UKonHndIS3XPYaNQ2jVWAtoxoy7InQRAAPEWZbwdB8088+6USyM08lFp8eATr8BK8d3DEnsz6yQ2D8xkCWmRqFcUG3vgtLpMvXlu4q6h+ApB0OlGCmcAOGWEdPGM0w90ZdQTqtgpGQVGKUbIhIC6vQ1fQN4fq27x79DYPcVmHypu0hnx6WLbj9tBjK2eTNd7ZdkzPtk7Pcpk2McKx1aH1Gi+RRZ3bdjAf044dlT6tGCiSphCAkCEuMak5j8MNrI0likGUWF5NU3zXe8E/gcdN/raN0h4x1oFYFwzxZBIZV5cpLgDgzUepD1i35QGbjdb8+j70dpJXc3FemfGoy/IRA8hw3g4cQvl/vB1649zzVkc92Z0ue3eCzZXfcd9iYS/0iIF2u+WdQeBLDnfbcYD4LYt5mPtvA9K9sgJAV9153A63auWKzF2D8xkChlwmlVVu8hjEwYvv6MoaysGg7gP7SwTsQBjC5jOmaAw1oII+CRpgWUnTbQv8Er1jj/myOvRWqAFNGtMU13+pcpDjHPVSjrPFxFS/5UMvIplZthIcN1qqHMft+DJQOQM93AYKiu9Hj1I6MViHOAb/JOhVdniLhJiur9VKHdiIH0VzVoM2k6sDt/vJRH8HJwXB4ASv8eWjudE6unLV7S4MivOo9KSj400MlEnaIeD7lA7EDUKyrH1YJXTYFaiQtS+nwL78nT8M53MGusBjo/BP8Wi0CJdZlgzV89PjCm1uNMHeHB43mm0rj/Nl5gp5B7Cldiy1x7hsD8gXth2r12oHLESjU2u2JCQhmKXmVgFUMHDX4DxMwFooZDLVwXa2KCwDAoalBUbri/SjR0xI60b6TdWTShEwNuZTt8aWB5h/Ap4l/pD7gPB/vPSH4vo50I22atoB83jlzv7kqef9RuWH1Ik37R95hS8eWzK3CxCKqGov8NAJBB0YnDlNikYwTbrFPvGBMtLYp8pLAdKjMMJlyisPfcrH109eY6Ufryc4VCNs+tCMZxdZVnSMycTA7l9D0abdzEAlSNI+mOAiKJl6sgA69weW5/zWkNAH6yLjlNLQdGf+UPZ6Mrh/0xAYKa/WzLdjG6w2Y/L59pQlotOEUESWQbXFYZiXaMtgoZau1bMQ7nEQeOhxq85pTwR+Uk+qSfDPovOnYk2Hd8YRr+NtI/wwASkGqbV5EobL5PjFuEcWuKkdUPhBahD0X4Qesk5tQvwgJG0xHJwqslzdrm7a3lZDDA4bhwVu9BQ2mLYQDmkTMOeg7MfAR+lUUiUHvb62HdIlEeh0Yy61zf1AT1a9wPKCHL9FktqlW9JU1Y0ZdqSqSUbCbWV3YbKv08N0c2swMMFGDCgGwfsFSwvcwXrn5AMLIQpW2OK6iEAJKlpR4CcY70EEMul2Z4pyuRrIPO3fncUe7SuwYr6qlzxtXaG9PEO5gNDkrRybZhu/Dn9wsZbs58wNXvfwsutzrHHELIsBaFo23UYPR8i77I3H4dgFlQdgC7SbKPRNyr6CcENADfR36hLEwK0Ye7M42v1tI/wwAU8t/BMgkznOGQgCvi4tcCcq5qT9NOrHSqbJAMMQXI+gUAQiizW9coprou28vGCdN6USGvBTe3jftaxWNxCrXiJv3QOBdARUfAY/g9fDkDfIex5gBiZYtXMPMWnLXqkE4zMLCai21GpBN2VmKDxriRANg+FWP0YCCkweQVH4EN6r2nFTCbOVyLlKKO3jEHV12omybvHHKUS/+rNopSWjUTIQTVhJtiID0zYTCHpTJSsG8hsALkUz26bQTUi7OZSXrvkSW9vR9NiW91LGtaEo92/wXk7aKQOKa7H2bN+yICZk0yBEryZ3fTlwY+zclEufpymFvByMHnebpF0VBMSn8MaxPKQ2zHoLfohm5XNvRcIPE9AimZT90cg3ByIvMLZCGkXyD4yPs1Fi8G6E66tnWo4yCr9I/xmKTBEIGGBFMTGMSZdvxH62fBYOuQpEuUzXMq38BerJy8weyjb27eN+7spkh7g/QaZWVoxiPBXDFDkM1HAaYkv1FgPRJHjcHaz4h31DzXZb5GOwXZ83ajVjzMXUH0kcUhtj6+/wm2n3fUobySEIHgtz04AABAjyau6uL4xnRZcp0apguuau9UE6644ik9ydSXKVYALad2crhMoTF6rRAAQt1nszXQ7fhrNcDZaBh16MHYSyarNw6F+vXawdp9Pg7TDGdEQbLzbIc2wRCcb5MggvszFAjG+BsDgqqL6cBJ7DTYow9gDsPIaQBJM5vVwSszlS7tRLn3sj7g8SkJeGIAaZJL5cEbAX4nh+CyPgaBKRBjS0BHinADBG1p0oWBOmHLSssTQBSfXRCbQrBegz7vKpplpNiIQ56HnZJVuM5jgMSkdaluMQEwZ2WE0c0nOy/KPsWbYX26g/hWGw27hCWMY0NJKxnefAO4lXOW8EItiWIKFHeXwDkz2dPvk7sp5crUPaCFg/x/uUqR1JQh9nAiArOkuMBH5BqNItFt1uMrgCtTdBIVOyWQrIrD6ZV6NuJpc+DF1MMAQi0XZR2f539K7hT3czDb8Hnw2nDAxKD2XejBnwcCi7rm2WYJuee2SDJwhscs/CUB5WShBoF4Lf7bFxm0r+YRtDYbUpnTtNFW1/7PQkCojR0ZbQoaQ4ZKMCHyRgLeyTCzgQd4JgL+D4RS/A0Fg9+Bh1qDuXwhAdO1LXWWKwNUVlhoJCoWhJAlAoNBmH6ktU5F6KpnwiIOVezNjm9x/yV40NM1smOGcodYx3FMpeactNnH4AHMBHQcGsomEsi3joHqtOEEilGd5JSgsKokg2afnU/lUg+Dsg2LaI1rBC2wsC4QL6rwqUcGx6A85RO8x8kc2v1oC2BnzEMSQzdV1/MFCyke8nk0g2P61tAilGkZ5143+N3x2Z/xqPpt6/+qPu+1HXJT8HlRY61SppPFmNs9m7UGbLnKPtujJ3uFHNeVYcBPDdpcWx4R2QgrHHg5EwGGPI16CWzFbT4efbFjWEfEumhhOw4VVphwcJKEpDYr8V90pQJtEFlJ/OI4OHwSINg60IlIrGAqWOdXEIgWWdTQZiQs4uCVhOxqkbBVhmAk0eddhD4JwIQUjj4yc89AA6Zl7pIKLno8rgtARyxUBQgu2Y3OW2CEaarZ2kNGIDsYgXN2tlkfIxqEAquzdxgtUsHe4AzA11pGvT2R8xzjPA9xvNFeo+x+kvykIrMfJPVcQ6FIj4zPERyHMami8xFvn7pfl23O3mJniQ+Vtvxfy3Fvw1M2zIQlvjyvHUBctTRolBNsrs/IzE3fRmU/ir1BLwIVZB3jF8olKCPetHB82N5zQQbd6TCW6gWCPTiHOnGdPEXKtZpmIqFfggAU/pzlAIJAZiKT6uNuz1uExSXorXQagiXDbD6JMI4hBFQMLHMgc8F7N1SgIOh+b24b9nu/4w5AQ0w6Uv9CIEHPy3U7IOpiwUoRkXy9hBSRbRsIdeYewNqzDEcwgSiVq0mtQt3Wu2+ji52uo3yTEBFbjnQPhwfHpIBAR7Y1YEdAIL24+jCPycj6PM0BhjWuRm7kQhT4cCEJ3uLhBdcNg7DNGwi/lVwpmNwK9ho1HoTxd07zq2bI1G76ejaYxe9XLk2+46lksFAJL+KbTDgKPtLde02pa5NpaqzNh1Xcujf9ArKTiMGUYnQYBBcEw7CSE+CZ0G7sdrNGIs51FXgtRr1vndWpW4P0jAHnZhtGjJlc9bEU6BgBbGIDXtAKhXEhDT0bwdy8BtdTqHpL21pVJRbvOPinGeeYOBxDVEzw/x+xg4zBtjzDGJyQ57lld+DU5gW44x9qjMsBN7EleCYCO4HQZ3qlVWK3HbGKXnmyJFX+/veUKkqoPIoRsMeNkzEP6OhBkvINtcM9LYTkbgwHWvwf1RohHtyMJXZ/NGJFkBP7AYgQ4DCf1hhvcJgXejJotFaKZJaA/N51n+Np9ikTjz8LYDD+8tiKdL3Mcacx3Q3rIwYQ4a4cgNAg/cJHhrwLGDNzfHHs4SbdWxgrwN1IyxMscCtMNgqp0m0g4Bb2BbAjAQO5E43JW4P0TAQwtvaAWZlPPuTMEVVuAWB73Qoiwg6j3Kv3QqE0waUEtWqaGTAtzekrpLwJKBQ5/JpANLRVh2bOEwQ47faMflH9iyuhjIrOMKJXSt254bbIllu20FPW6G1bZzKlGM1m/wVFXpA3q9Ju+NQQIe71kF8pyrjEvWuiN/WKMBVXC5JN6IgHVP3QCclaiLLVZdiIQB7Au2jkja1YHI/rNRYE7mc4iGsa26EL62zyDwwyh1GHS7U/NHrA4vrkmqMeEw9N1QftcdzVzZ3H2bZEcCjrpLQJtlLoJNrmKQMYC6vQH7DBQTII6VOUzWqu1+v9865k2q1CHjYEKGMjLk8ZTi/hABKQYhmUyXTDFbtNuV5wVoHcI86fBSXGWCaUUqZgJleJe3CVj6gLv0e8tvXseLQxJZ6D8a20wpE2huEy8M5RvHvvE1aMA8kEsK2pLktcVp8iYZ7go2G1QeRi+5Z2GKoMwF7rkc4rzm/o6sFcVcJwKOA6v0d4xidGUQyJ2MCDjCgjuCDZqvDWjbEx8ZOEgxAAYMbPB5ckZxGyFrWTK/o4/9eVGY6vzVfP5qIrvv7KGPNzzIyEzsXMXPzTAb8/cpLpNhnq16buF6pg0KT6aMbLh0PVXIOzYRxpbl8YyX8LhpE2EZ+TV7omNfalDeKxaDwg8RkGqTdZ7LA7e4RdXxFw6WhqgXFQnYQcncISDZYfwBZMa2CbjtBJpDTA3IOU4JloqwrMR9AtvheTfZZq7YLvNEuEJf2/QUqL/gOcRnm8qc4J+qblLSZTSsSoAJv9C01pT4nTv7XdyG/g62/ip03xsvhKC/g614/nfa/DIBUWdzCkP40WgfmW7YuAZ60nWxMmJq0/cLZSO4Zc4fgljz5RATDnYY+qY6YUnCfHO1fPMyDn36fnc0m/0w6wZ4sVVGmtBMp9NcJGNMO/ZAVapekIdYmVPVT+wsr8qgaGBQ9ZVAt8uwj8IRK8bemJOaFDdbMd8/IIkw5CEC9sdCJpE7wi0+s5wzRzRnkO5LrjVDWGOhATkkoACTyYCbXmrO97c29cpjHAzxp+FuCFKFveaOHdjmYflJDgoxcEVm0A5C8RsSvxS2tAxofyE6i8srYtsVAyWel6/yMTt+yV5OGQTLVc6rEZydo8NNow+GT9MP084r3mL6/v00wnQDRMSgAFtywiYUAvsTurJr7vtlrsp0/zmmVOAwX4aU+scLbcI8BFujUts0l+XlKMumGajDjXVZzqZHMt09Z4fL4kwi88KykOqkssTRtku3u9EQaX9RtpMsrKEg2KdYAK3Xmn1a9Nvazjo8REAnRK5yChEBa0TAyivhGZiIwhAai+tQBhpgwaKDrA+UiT/QmZvyNUV+MTFLGi3YS9OsTPG2/0eS97Ii3C4T/U+l3XVnIRAQ2y5ToKIVl7cRC+gqBmKbTfzauaEEeWGuTEpjoYiuENqnDT4MT8nfGWC8NxAEDByLlEB6wNt+o4mmLaYLbDH983ShUdkdzU3LybJ0QOs5MtajK7um3clLPpdpFt01mZkczHaMNifrBi9jy2uX6pG/Jy7EJUDBwqM3YZnhepAVCwnsjK1cl8mqn63M2IK4RI5zWbWRYBsGNp3Qy4NYiHobgr4g36qCtuJJTD1asbeVdXiIgOe4fRJkMlym2xqQBjUFAXkYogkDTDsCtURTUO3qxkAbjVI9m7kK3lYIYUNatSPINs/93YyARabZL1Wdv+v5ha5X/kb+7+IObEACgFkGcu6CRciF0yLiM7nHa8UbsaR0jNRSnT7vT6Uu8qZHu+P3aYOp8ajWHiQznCnfIWC9oQEBk0TDpvOoKF4VcF4t5mh+3SwyQQEGtDF64E9HI9c0J7NcpsZo06OLg3HVOSjA+fvp+5zu7sIUtNQLSdhtdsStzmpR0KGCKcQvjKhlY+9mGOZ2ux37sn8WymrsZkG+zEIzdFOPUrICbAhD1m4AJsdrc5ssOaoUhlIrzlUakpVwcLjpSVsu90MEpO6M5kDJ8AqUkoA9j20TkCohGqYIErC/8wQIuNZktAnYlsCKiDKlsswSCGvfhRUDX1YJ6MoKyy/td+wlvw5bZOHN8NOOHhT6T1y6tFF6Zv5uJefPc0CsVJFbTYJAPyvAgnorZlg7l2jak2tAKcfZ9XJKeI82mAfBqrIYjZKXsqLWOQGx8w0bj3AcLgNnpxN9KFtM0QIby0xDDZNeJDSGOAlTTTHZLHkJLFuZQReRFIKu+lfsylbNYTh9PzeHEPSuUUG63dEnnnHF5lU2Z1iSst3iGp1uzO6Dy9dGmxu/wyV6mIBw3SAE7Qa/FyzduGIg0A4bvzAf41F3AsZ3EtAO52JjCWcdqU1GzOJwG/wAASkLQ82AIYT0goDPLWeLgEaSYPwBBMy6BfeI8X8MO3FwizLzg4E88FfYnbHqsk1xo6RdHG8sMPbh44ec5buW19/5Uv6UEhXLXzwMsbFVDRNV9rYV5gxsW2OQRfCiX2CigJsF0bfmNLBORNP7lWO8jyMqwYqWTP4FOz84ASXSgC0kYFHMRrgBBWfRk2SymvB1tGSB24qf0xTYwEx/yHxbwWBkxORiNA3fckOLJV9qTjCH6atXCXzBLlfw5UsIlVekCn1Gnavc5mBIy+FlQDt6y9xs6nKrFDserxGHWZG5drvSgW0KROJw7LWpLwRp16IRxXBlNWtSL8+x/MSHaR2Kgx8gYJ0yo20d3GKwbnJFwLOND2hcXJDlRVhwO4eWfKOXkOgsVcR1DXKaoBuppKJ0oW4IOMwTzj4IzYQPWLbll8e0l5y4NnHLxpwAr4tU2i6IzVI32pWe3GIgTStZZ1gq33TJNKshLil3RHJqf+U4yTrhEZ8Z/jAL8CaCeh9NcFBO33zjR8UHI0pS38rz3Mp17dIFj8eQ0d9WrmcRv7Ir65Jik9NVAoij6Jp8BAdvfOC1TztJfLNKcm2wzrF/Lxe844VhG50dZKFry6D0iJxu5g2pOmrGS5e5brzpj7FRuNue1FTDgLoT3NDhLiEQsyVRZ2zerLVoLYBE1fcHCdjnBBwMMkwPEQGPQAM62ya48yHDliyQv46uuCOwC5QEVIxUw/XtqUjBUFMgvdiXL8OVeSP6hZP6YpeJPfZvBsE4Y1haX26AbdlnvqAbaL+YOjdEqpCrQ7lKx8DJwVtue5Qm2ApGqu6sVoNmZ+one3QCeRpQMQZy0e0uBniVgiQIyPvxO3gP6Ye/737QY3glsY+TcQmgDdKuausiwXFYNvAXiz8zHCKbZtTjO/R/ODLf4qCXKwu35+VQ+rdyT6jngitXwm1bvV7PEzCDXwMomngxpSl7yyUw2XHwadtKwdExA/iD/hleuwk22K4YCMS1WOC1ew71gvSsc5GPabXa1B+Yh72alG9ivgcIWKMcKJUYo1XKTfDrI0uiPKAYydSwPYMZZRowSiAyM8gCu7MIiDcp9PLKGpBJBSCwAy8pfGF3d6IQru7M1YjdTMLQ79oCGFsuaWeLBKAN9AtZLIdjQdBSM9pcKtvy+Cim7hgejWzSVLjTpOl4zToNre/VCexhyqGFbku0Xk8GtIaMCNjgGpBGXzvz2agwDLwJCMzNaqVxc/PyCtuyBpPRVBmkYQiQyz66cKbpvgPDWQQqBL7dgMYfwPnz1KFAWF11u8VGB2LvCodbWBuZV6PQteZf4+/gEoFlHD8PgItWavXwz9ty1Q5HmjIYq7QhoNloV9LeC4iAOQQkjY29eYCAjYD3p1EKufQBXSBgT6zFMngCMNeoIR8/R7cEy3BN+VkyK8D++mlZB8Ht+APUUQUDN7h7RKzK7ZdVBoaatOg1bzy+ChqM5mQbM6ZpgmYhtSuucR6iJHMjjUB5QmWWsbAkUXtWG6sjPCPDM4Lt0GpicIaB8Ak6gfvryepR0wGmAVHzDLgJxq0rqAWUA0w3dLIZCyeR8awoLhitgwe32242h4OrYloA6cKUv1mAG3jtq9mRve5eyyEEveliMU2GQ1BnwzybLf2XuHAe/b5JWKFdaUL/CNNbbuabfpbZZnoZ8L8Tfi4/wG93Ly8/mW1A2HMAWepVrxgINAaUXwDasQUBsBjUBq+7TbPGOB4g1Rsbe/MAAUUeWpdFJYQT8IUU8FpwJ5knRjLNwOhifoDN0Prq1AiDORhF9ydpdWXXALPRZjoapab8Rh4qReHhsrbQr6JheIE/chzwgmZBPRHT4t1nyC/MsXiYYA2Dimx+hukCO4698ilbBt/E4+Ss7AIeCFO8sVdmZOhI1CiOuRiJrML+opAyD423/ZqmIODzUxHyff/HbJZ8HHVHeBNBFM27o2iA9zSAv6O2ZHfm+mwZDfAg2CCfA7q2NQTPZijPp4vUTyb28Mcf3qkydjLM4qEfUksRjoYI3ztfleln3GoENsWX4zC3zfAyBJl44wOeXjbCuZG4R72r8EQbQo7ldBlvoU0N6t+qIPDtF2MskUA84lheE8LhOI5xs0WzLjlV4v8BAkrUjAWQZJmyIeBYCnlg1pl3p9Hk8vICV0RPnk0S3FOuawiJKhsYARdsUEbC2rsV/A0KY7pc5vtupWH8LHzJPb6qGLLKyRyY9vqSL1y0ucnlWg+k0cYytbx5mtvfsHD/q7zlBsroU7dlKwYdSFmZ2FFL14RnSSVpz1GISDlgf/1MMXkprh8c9YTD07kA8mH/6dNnnayrdVz3w8TQ2MTQ22rrE44irbqsvCAc/g5wt5VkPfe5ZAOiNIXkdrteTp0MZ3LWDTGOTY9AJeSYEQTfJ+TLodZFgVdbxZ5APAau2u40x1Z/zP1jF6pZCrscQiBicbS9LbTBJ2o3yOGxgjhkoSqdigZVHNqmrkDqAX6AgDQl2AI/Lis2BDwaf2sF2KbqfxclLDKoQSNa8wWVUSebariR3DZ0cWkhXtk14Fd2yZtx1a0SSPzv5WdvGJ/mZ4X80v7nI/6KZC+Vy9BCXrk2d0+4D+jb5ef21kdEjPQhh28LE+nHmOs/pCHNrO/0Se+VgPXXGNq1lUk2vc7/t4x3wwABG9zeGNEVm0e+pydIvsRQlt3ZPEM9CC/karFYdJQIY74Mr+yajHA2HV1j4VdzV3toFu+nfkAEfGevXET75Qp796ddHNex8zfeEUMcY+y7+jR6Z5N352ejI4zwPEKTQxx7FdoxmFW0VF7lBnJ/UgoZRxvH686ddnXLYUMVSQfKej1AwJ4wCsKH46U4FkgxXU/j8aFM3gwD3uAzDYyEVhSaAhpGp4ZdGldNE9SB+r/ovBtaQFJa3pfmcllGILwmKZtv0DgUM0pam8plmZRGAi5B43GvrwxFSt7J/srfMLBNDkooBvk90dug/vjaKzu0qD2LEgTVpMhew2DeeSSj1OpgAvFKeiSg1QzG8PwfkgPD16khP9MUpaM/K6bTosgKXAgoa2HOLhN5AJK+XutghZNE3/KgAVxuZV5qcyavsJQ8ymSu7DAlg5NvU1R5wNBud1KOkoTZ2g+WsSmvp1PX5tIs0AZjdembpeCDZw0yH7gQBtpbYKs4LCLcHWxK6OONwtihirtrmxRkYRj8AAHJKDSxxWxABKRuGBY4EjutdlOKgnAHP/NTbMjHsAwtsOJ2r3hulLfp0mg6+BkcmTAv9Z5XdqRuIg8ei1Bm5aXMXL80sfj0arSqCLit+Ux0j+2tAyYkCLxSBYruGtWuWrTaqpT3VAiBq5lhCoP3dZlm2Q0IQYiymE5fUSJ6fDRuWMFJvX78/CmtnkBDfPUM95Ctwggv6cK2D4UuheyulYEe4vxhuQjgpT9zadBmlQV4WwiaG2+Ik5vT9wv57XATeShpSnkZOVlfg0VepYS2J+NdJcDE5FOiVGaGe3vsyN/wEb85fx6cedVQBCkMMMN5BTa1aVF7Kq4totZ83hN4PwEPaTObqlcakPoB2fNeU0QhB7gfv1NmY9gcXWIBCaVusrmibPVE4zVxb5IFTg2+DLsjb7jlA8rmzdQfuX4yrvKkeqWdBzzlkq5CUn5+iQk3z28wNElzeYuYdlkk2WJgm2blRI+WN+6p6rdbKWncfrevPEw/xAvR7PlsDX5Zkmi8HesokMrKZ+fjbG5MiqIA389g3UIZPMN0DM5MR/ogKhYLfeB2L0XxCeC2n2ezTHkpv8wh6vB+PMppHdQQ4uGimF6ZQb6pvcvkBoKHE4DtBZnHFRy4J9hfrfC6Z09yscOLmIdBs30Uymq6XMklHfF/D4M8/HKjA8WOgLIPpFXDVVO1Zv4JlxeVDs/9BKwFIg9N6kvmLfnnZ0e95ljMBXfmc6MiYDTBSZlJoeFCStflzNM37KPGftzUS9F/4XpV/Et+sstEav5lycTVNAC/OAOJRGePgfVVSr9uy+LK/hLsg50iP1N4yve3CegTW7cZWDUIokiW2xM4AzfZ+T2c0xD0XD0HDfcvZpX0eu2eSRI7P6zVW5gCnHc6qZWiuZmwSIsUbTb6FzA3RffSx/n0QdLtjjRT3Ncl25dZSj0fflGw9F0XV0K/NFUPW1ELcAVn8qaj0sR1vp/gH4cwcMXkZHr9xtwuda5oMMeW3xQjsL2+C54ilks9tsJ3wHVjzFvHLpaR41IHxp/iZtvL+a4Uz8GwmJahqFJfXL9OzR/3E3CTBtTxioZyVBrcEouVG2O1kn4glcrkcq5oxURuy+CqfNglIDjINvVEm1Su2HBPKEBqViCfJPAFA5Ps2vbCHDPY4C8ToZQE/rCyE3LI+bRI5c3XabhRgWAplhgo7/iBHgvAyW6387Gn9rwqJc0JuL9qMKYBj1vpq6K4fEdNQzzkO3KaZ2G1mwh8HnAEn4ENHmjTbqG52cRU5floVGAVbhCBbpuAv5SsaARCeSOPM2yJkWM1HE3fhzwNnbCETbxsNEuHsvvP5GCbL8NFVqThJPRf+u+niumzf2Yeow0NuJoUL72nq8dBfWa5XNUAUvcTpWCnDJ8JMiAic0PBwB6uUmXYtpDLITuzrDGg3mxL2KIgxB2rwfcTkIxCzQYXMJ2GJnCQxjLx/nRHLKw74L4fJqNBEz5j2BGkg/urPFMmk/K6OB+vlE8ZmQbM/JHkbQiYh1UimkTR53UQviua60tQawopezPEbklOLqVk2Zs4fgMfwnTH+oqDlaUqQcVdk3hseeCutHtWLNoFq7JcbX+JQFoNSOM36XSWhj9MqPDZY26vGdIVIdYFNlwa2vcdjTH0eEajmaYgMIoRrRIdwmfX92M2nZjpaEpK0BymoBLfYPg79D8wpgzzf3Bx1gtbmueLwh96U94QA7C8icHZUfN3uZ2m4CVNR7M1DmeCBzgjyvlZN3sj67mVA9qrZShiEtuT8XZ2tD+2ZfW8ILt047IECi4hblILgl4MbwTOKfWanrVlbzAReD8BTy2qDaE/4cvKemLy1BReJYb3lon9lBSAFLMEVKA2wWQMvnYt3bqzdYLFuDflXFzKJvSzC/0nZ6N0aMpbQUj6hh5Dbm1LF4UIKCu5L6QPWxS33GIwxEy+zb9NasarKAgaT94URHC3XVmWqwKzPZxqPbkJAUFaAI2wGAwOj9XsrXFcs/8RqIctgTiZjtnoZIX9b/DqISBBWzOlBr4UAggIpGmyE6/KLZg9TAssrnsyLiwffRqaPRwP8UOMO9IJNiv42IBvvpRxHGpmow/0JmFXaRpivQk3Syuk+wrqLUT9t5wxOc9LgDHpRZ/j1qgQUw8beW83sCkQAz28RuNUEqkHVW2WicD7CcjXk+NVMwMZZ1vEvqaj504zpERM86BjXK0xOiMCdujigI7SlpWLacQ3pFIvYNmMUO4pJ8+i9P5SXEVWbjDB3+e5GPSJRfGXx8AhBRiiSGnTTeyCW2jZFTu2bYyX7RtRSEVCwUBeoos3ofBWm3QVmO3h8FXI3nUG4rkepeADCocnaEoMq8R15QBi4AyU4Hw6TXRsTBgoHcNuY6iKTZfzorgCbynnQ9wTl2Zaqf8qXWKiAUewIbpJcRUWv6CvjIHNHItJb3LbZNNFhqW2kOqa2CptgzVeMww8QHGCF5XS7adx7LNRhmiTyy21K02Ao2Al2jG1IsnhWFJlNWYsbm4tUG6W4+n3E3CMWZjWh64rD/QJaOVBG61CyFAoy0saOtEE04Bayue16L5MWdajicYVIN5euM6Uqh9hK8blDuDLoWi+MiuHd6P01lX/KnhzOOAq+77CrS9/tXg9ve8TCKB3mYtm2D/zK5fQx0Rg6vGvSwrmnhzGaru9RcKmiNL2R8A+Otz/L7xEBuL7FTblC4fnTGrSteCH6kFnwhL0ecIUkH4GBkc30N/R3G6Gm1J9H8B2qR4iQ0zRzV+GK/nlxuF+KXtveTKGVhaFqbx9TLebmP4kCRV7gC2AECLipKYcurlnDyDs8ECxwFMrlhLazMWBnHj5zheZB3AIGSAb9LaK8KgF7TAAeXeCs8BSeQK2XRFQeoiANRr9UJPriQwytcIMOfnFDC/vpXu6sCOGegEpI42PBdMN+D6xKZqikIE/LXhq4I7R9PxI7KWMcSozTHZTMTavk1P0i2oOfJPJpY/XD9v4SxG+IIACUTolo/C5OCTqUTDsXqam7bqlsuRyGeNW33ibgFIebwi4n1KIgzvY6hCDRKvZ0ScsuPKe/KOjHthgcU2NmHtQsN6pKdfdgvwdY4E2Ga3MYKCPuglgFeLdNEt/1qUhnCFnYfgP3fzf3cAc2piGnnTdzdgr6oAE9ZxcNWMx9006mvlm0c0gKiy6qPDAtvvL0YrnRGwHjI4fjMEl9BlizqYQdbNpkctxvmVy7LYUjNsyFoE52CGzSrQfJGCZGSXyyKxQTJ4IPAMn8Ftr7YhrGrROhDuK+GoEtjaAgIrB+YeZASzFlX3Ru3vyTRoETDgB7RxUnmfv0G8rS0UvmYF2ACcQLTqnHnwYTFYDeA71ol+GJrSHK6RgOLfAHqRjC8fmNhlBsAyxhcsLSwJ6QdjeMwHL8RtZmXZHBfpkfBfZkWuhuJcXdXWia0YkdGcsWa45ASdXDGzwOvF9eFzCg3w9mk5HizmOfgB6pPDMoQvB8qzbDSEOBnH3c4Xzj6DP8w3YqN9eYpuWgn5OMn2/BuzX67kvT0Aw/Hy18u1PvBmTMj7okH9CsEPQlWk4jmVsFdygDZFIjlOSTQH2eIw9Mp8noCSCYOqvwFS52BEduEcO2GDslMFqiKFls4guEEULzI0CJkgxe+NfXes8K6oMwiKVla3uW4TkLS0CpBhYrXxA4Q+m114ZesjhCrmbLFcU3OFfRxoQTw6OiRmCT7ya4iJ0m57e8gGpY8NGR3knGPFw9LYaVmr3MSHYbu6PgGI/Prg6cvIqSbLE5A6PheLet9a4oaKuHxidBZaAr7EXldphEO1oNcaae1LMMqy6ywNl8GFRFIv51WKB3earmUuFYNl/k75aLFIcMqryraaXdVcv34xGSvnWhP/wDsLAybJglP61w1UIfzvV1nMWKmY+HblsNmIk54oAlT5IOCCHPmBsWWksb9Cm7Y3c9OK2KEKbE9B5gIDnfD++FmJ/xcDFsSTeIuSCUDpjrgL1g472wY0S1hEMREgG0XTGsAlBYYUuOrEGk6Uv7yhB0/z3fPg/hiIP/W7ThMo/8WnkN0XW2tORT+lVer3g65Ts422GNqC1UkIaAOCmWdkEImiKeVN5LsJmbhfi0IvLqpzwAQUB91IMruNy1P+uGtkPE+zGoOFwdHLA3jyXmr0zupm0icso3PW8WOsX08V0goUnkFTQaq5yXSiTrABtIfs4gp0kyVVKWx1xOAm7XMJ3wZAkHrzAd2R+iYE4kjQFDYeynb7D2RCIlEN4wzyP8mYpS3+0yXsKmU65Hd9dsjA4C6ss76Y/KV+lmJYOZTXH3W4bgZdxiSCWoTD50GrhRcNVzuFeAr7mrQjRaAYkULAiRgQ8Aaswbkg9Rl5gM8LcKK4nLy8KIZlcu4kSFRrnSHrEREOg7Bdllhn0H7gYNu+M3iqE0BqmDQ+TCQllqJCTh64eLuzHLzYlPpw0sfEeiYqXtq9zR9HOMyyT+CnpQBTUUi5BopGAuM+Xd2gJAu6pG+EPOP1wrGpgf0FD6SnWwfk9IUdur+m84Hcz2wd4I6lOGa8w1XnOS7u+LhItywxM9g/Sy5kLDIzjXmxzOzOZLv6cvo2Bhst3+b+qEJiYc0xP420Z8B2seDUX5akEt6oqEzYh1WdS9X49C2VuwbrdFYI+YbFHw/M6aQRM9AYpd33ybAbuth9a2E7jUw5nE/r1cIulG6q8EQnvdRD7oO4j4OGYj8RFRZGCUgcFAj+RsArPHVCBrvOEMMFZBc1NSgYiAXUKQoSEDJLRQhnw8qQfbl3Y5buJvHZ5BnC7FLy1g0OmUSZ8uZxpOrLqDfV4+RX//DXtX6UzIEzsNHhjU7CSPw98nNQkc8xHRrbEEgj4IlZj3FHb3i8B+3RJHG6FKZYAS/gu5GvyG2BvIOYDFYiVYtpIpncWYF+AbRr248s2zzagWTAHCHY3w6o74DlQuDeThrk89K/nV8VoGkBgktl4b+Qw7FK/keLnbyqoTaoAeymqm5WL7jbwXVaK7A3u21ri27qYAm+VNEfgdcLYf+dy65SfnQVocGIP52SXAe6VqsDG7WWW5XlhEHjtWFI/S8Aan0gyeFO9OaE1SySUzD06b0rWGXrG9ZqBKzomM4YExHvTyQekHCCtikBXMC37GbZ9QJl6sXj6765mmG0OCk2vFNgIQ+F0yvxBSUDdp7+bMWXgs5xzEqKSFIcT7TZBxNAGg7q14yDdMDDOcXQQr3zkxrhJs4J7ISAtR23hFY/FqDt7BSzJfbI31hE4gU3ntYtBirgvM5t9wMWAo4L2cOvGM8DAnSUKpmGAGtSGjrfzgXrjXbxkYzzcCsN8tljkmIx5Cb5c9mZ3+tBkGD0Es9Fs6fN1CtTf7y8LRZkXBRoyPfV1CATZaA3mbJqQzQGGhG4ODPQcDzQEyzBjglnAIzevGIglAKmhepZlOfFZXDo89xOQFhPVbGOQMJpoW01W7/SWcAJfNPrOmBEmTSoG40qOjjHBWERu08ocRZsmA4broUHBlw7bDr+QdT966IzgpqKXN2lXkY8S2fRKIbaxRVZb4Q4f7xRT3HepHH4CDZsVPuldiMymLo+MkYBBLpMzaK+y1cY1CY5ikYsWvuBmWPVLn14PB0J0BewlvNPgwWXdWUxXJR25R6egAgPWPywNjh9hxWniJuRxY2P+wMiyKOmyQQrmE0sgq+5shR0GM79qP1eH8nPc9e6nMpWeZFwWuEtACH0v5SPcvQV/UAl9EHNZ8XjWKw0xcYhBDq66RLfKvxxlNPFjm2k2WvKYD1gYPA/yFRqboFgybxOK0KQnLSqTHKldhXz3EZASUzXMbya4dGTw0nRnEyTgcehidlSyAiYBJocyTidp1xCG8KvTbU5AysOAO5EyJZ1sE1DMWRH/XiZogr0gN/2jdBcMfMDlqBXXKOtMX0wmIq/IdR08LKcTQdHQF/9SChEbhCDKgLxB7NgABirh2CqjYdujEUR7k4/ZHwHFXhgwNyz7BE6/OWTT9wzRlhjGfA3wAunCQoj6wAF8NyvA3gwGuoYEVDTX1fwwcYEO2WJSME6SqS0vRqNJ6VmbL99Oukvzpey+C//9He6t5IuJthaiyPPpdA4knPEtbS/BXL+TwxkboAsme44dHqGBKaZTiEiRk3mYcmWQjoNPOth6gPqN4rU9N1um9hucAbY3Bgf5mfd4G1L78wSkS+Ja6F+wROYm0FPoxvSe67pOQwJMKA4h15h1Z5FBl4UYStvWaTpJYchcELhk6sulDcZhq3L3M3VAm+Zw1c0g8NudxaRdCKFbdhZVGo+cSrogw8cqXwgut4L7zETam9QlyasP3hHyM0kpLPZzC/OmniTLm2CYUjSeFUptvsxkbwTkSX/wdwZsNBmCexykfurznlR3GUh9qTembPRhq3OgXICCihQlmWvc4clwhoiN8pf+ZXcSjUYRPDmZaIPBHJMulbQPscd3OOl2p2Dm1+UWnpCmOrDnDQxIkk8gDAITPMIc9Hz0fqqnuAJYybE4k3L/0ocoxB+gp+/JBHT4z8zy8I8HbMkDxDx8/V8BYkcShdGqKtKjBpAw/ikE7Il2aHpnIUTK7CG/rKuPQtmQABMywiiVhpZMNLpBQOmgX8zz0JEuZpJSMRvMqVWWgPDSYOoJ9Fe5aae2oKUcJsCRFd+QLZfNbfJW6oVYiE028LjkKwgHwiOEf9Yvlr6yJNhAAfpHoaLznkleMLfD0CsZiAvvPLyNpU3A0AW9eyEg93fkZxhM6MlKhgDBH5qYCaxbrnvk9CUyOBD1HaqdjnbFrjq6MseeBEz7F9niQzqZTN6sMXvsT/yB8K3fhNWGE/PNO9d8i/U1tp68SUNxl+EwHL3CesDE5EZHDcvdb++1QcRYIoT/epqCwmWAtkx7Mi7dhMDWl6MidKfZkY0JG/sIi3eYnqZtHSDen9xVvJWNscEPaLd7tLr2MwSkxFRNVQblcg1sAOX1oWNwAgMcLgFMTg8FAxUaSsfADITSpV4EEOeM0tglOzY+4IBefH5Ja+vK1RGlqPr+xk9UZM47fxNzlKFHWmpFDHIo5Nbpfx9sDLri8FQANsGzgX9pQhEJOoU+eMacgNg5GVu4yFL0qe6PgFJ4wlsvseiJab3kGp03KpeCuPdwuc+YUX8mBCIdDIGzQsNrgQAgnFN3/36ZzEYfruZ0Mz24bxAIv9leqDOMs1k6pGjEphklUn9vhjb1YVLGhupQa3G/8HSqgVPj2cIFp/GyNAeVt2JKggv2Ry7VWdlyufJ7Mfz2CkOS+MhNU9cFqwNvmQ0aCSvG2zpQzZmogn6GgCIIxot/BXl4MCVs8BHY4IYzPuOuMXommpEUtLHTkOViRgRUEggJJpt8CcRNIWcfXSxbq9GVvU1V3cQlvstrQj7Hwy5v+UoSEXjIFRHxCVCDYAXAVZ4sU3FHO/yi9kFUwuQgKgAEu0SHMAAZ9fx4tyjStoO4vW8C8htCwswFgWXTaSHzKX3aKB+4yzGKey84oia4wzY2fkSzaWegGB1dtpGEWXc0LxaTwEVBld2uiz1WuNMMvDdTpSXNuJadLlAQOxgB4R+6KxT+Fa1nYzMX1On8z3xF2+KVXq4WRa/7Eit8xSzHzi3kH7qJqwH3frBDjjE9BhbKYTZl7N27UPaPimWOE3PWDtq2bb34aQTs84H8WTfddLJgmIOOcYMcY0nq91AqMRBp6d9rOKBJF8WBx5/yICRKB6y73lAmLUKkX5PfzHFc3sGKbdoqV4tvZji5Dh7hyqxUoC8yi1RmSzd8xufwKx28wXSVEuV9HoSUtyXS78Mvvwfxsz8eY0La75VVEtKBuNiIE1Bu742A3N8BXy5ChwX730w79zETiOK+RHFHg7O2BAMPjGd4VTXYHZ23fkQsSqZJMurO0S+Zdaf+S7/IJoCpKra/1uuHJdpN1SSwsegxeQlgj5j8MqV+fKW6XTjBpOIi5ZPuC9DKA2yBQx8hG2XAv2x2qSRZOqDIcD0aJTIPAiFYBiqCtAcBEBB3LCDSAmx+hws3OJ8h4DltRVA+MH1jPJnIjtbHwgb3ewGjGeHDmoK3teoRm/B+LI2sImMDDdyISmNRGN+qlbzbOchBQMVPePSRiI3S5TRJyTqIqwfyFgV98cmAK0AfiSj4h8vL0CNCYyDTAw6XbA+NVC1DMk8R7CsIoaT/ofqhWOsYcJKKAhl8aZK4Hy3JBjekF2esR4vN1M7BaqIYbsY0dAKTSwp8Zwn4d9cTRdam04WPogv0uxtsQBtTzinuMIfHV0wx/fmreWoqyRW/XvgK/wIsjRC+V2t4Gwd6mGNGeDTN8IaHaZaucPetloLbXRTkc7trr43G0qZhKfuN7VvpjrhvJnPkzxCQb8zWy04+6on3sY2Z/BIUyn5pF/hlf/J8NFcgGE4MtAqlBhrgeAH5b1QkH8A/W177u3sBOv4VgMpg0yLE6Ye5vWu5yiTiydlGC66z6nNOOZpEZn6lA9PAH9gQitPUjq28wQUTnp2mWwxs0woAeY8ErI2lQwyCfS5LCXuDWToFxB2zDC+W3Ab3KwYetrBZZY43NTxTVB90FyamfB1EMwMLQtW0gT0YqGLx5m208fqXMuiTj9D44hoU1J5igxX3ud8oIa3+lb0Y3kvWzbDfZrqgky2oMw7XZijwJ1LAN3WPsB1iwnxbD1NwIal/Pd92uj05D4iCnyNgFQQrE/Br9WUiiw4qGl4MlmSD0S6csTFa4fphL1toGkT/2Caui37AJBGbEZRBSH1CJf1qDck5PT11HH4TdQlLi7Tgdr0ESxwTOaSREgpHaF9rpQPDioxl/zXZgVIJonXGRL3PPsH3uhCTvHmjAyhn4Y4ODCwK2tr7qoTwzjdw5gbarJAHRZcWR6IexDyX4y5dssHkdHMGNoLp9GLyaaI901UfLGaRuf7qB3egsJVOwQNCrvJNpAB23yG0pX7jpLbhIKFtDoHAU5GvBnn3ev9GO9oISWoEpA5X9L0nLugS/3pRXIPGuy7WPpVcAvB6AEfyhSBoSVjIstUAeAk68Q38lnz2LhdN6cTAwI3pnX2YgBQEg0zCmzrBfj4c5OA/I/kl58IGEwNd9AOP64ctn3xAvQNWQaPgJRllShlFQ0AyUDn9av2eNQ4YniAIQ6vnEAm3KEg+iuzz7ivajhDRZ/RXTbAOrJcJ5w39qkNuoU7diD6mZbJUwWvVUsAPIQF16FVWmDCxOCTqvmrBUohXMYDdUCa4TocVNCGIlcomF/clpr0kqSmNj4iBx4d1KQW+Jhnu2kmLYtodLd4Dj7h/Qv1HcoujfeJYYRBwsAMA+7TfKK9CBy0IEE0SsK8v0yJPkXYDU1UdrxxuV8IE6xDFigqyWAf1P8xpR/CHdaKTyy0rm+5jZbDKZlkQ5yDyEAtj/LdagX3Rc3+TeHgdkxF+uBTHZ4JpwQE2EsBPYKZ81yapwEbpGAsG9kks66reoY6stpww/HHSSVkGJt0lEOlbAMeRW54jQAZwkWqluVBZNiF9a9OkEVbefCxw0hZaQToZ109Xf7e+8fsUAJPIidRbhegWnlGjlu/rELDpAC1YZXAEP4XkGwuxtEsNuBcC8kqwTjuNwdtYvE999xPvnEdIrOVSiHtTesGYVUN5f1KTn110u7NIVsNsAaSIomSyARuNDQn7aRhsg33GgrFlnTYEBest1v3752hyfDbtspdgcXIX+18Gvuu+Adl1cyRYUoymIhGmJ+UBlNko4VYHxNrNwMBMwDXEPb6+HiPa+LSL6Yd34cYKO7RIJm7WH2pG4DPBKJNEQWyUXK9eyniJkbprg6VmL3DZKXHrsNbGmjDWhxK8NBhnvKo0IN0/Wq83etuAlLisx2F4eiJA+ad/WOh01aPiJjx04Rlp1r0uC3CJP0jWlfUtXUDkYYj+n59jSTgZHSERbRvTuzgxgTEcfBbbKUtjHot4JQPb8SdpX4vyqerUxL4NcFVCcOFSeGeHDDfhAmiH/Y24N6R/Yi74PARlawzRwNOBarMZo+Zks7ISisr5J4VnAu0S8yP4j4HZKQX+P/232dQfptOVyd4xnw/GYQACXmbGpqPZBN6FTEkLjra7BGzpkL86CXD8kbnwxWSGmUE2XRTgiqH4C9hjz3eXYS+WdyIRz3WRgNK9BJR4EGxUhZAQh+z9UBYq8BQc474wwk0ncNfWCQel1laMjqIqc/La0pTrIvAEmhUit+jnHl0GEhiKca8hTEMbTAnvygJEk8sJmobBIHJFTD7w11gG2Qo/9DIEoXYNHoaAL5iiF8hNsl8dBXtafVs08Vc6MA7b9T11RIvWS81HRx+i33DG3sjjkYuLDBCOceHGwt40+iDvgVPnxqRhhR1DNlezRB4MUhecpRR7kGQefdRrdwm764JB74Xj0CEKHj6RfMVMZuuBmc9wJGruYkxtavNirgFOqawsCwzkEPe8250McDlg7OSrFMNehpl/DIaxWUFRVoXrIldJ0PGA+PtWnFu7yVc7DkJOwPsaUk9pXywaBZ07o7jVOpkxtMHUp+YWpRNICYKjDSi1Js604L5yTbnCfLrrtilywV/ndyFyhE3+8Lf0wpBT8PCwhSVFm0fO89lKFhe+CsZVa1fhMFeYX4jHliCJ6YpUIL+3j6u8FHno61sc1OV8GdLKxW2xVPfUks8dbjWZ/ZAOFrhZbeL6b8Nu18VN2rQPpXB7pbj3Ud5dq8FNDjgsgJKua8WlFmGXftFFtLkcNyBCvANsjKn7IPDBa9CCaMzrKraVKy/z0QjDXBtQx81mHvqBoFzXrFSsAzbCkMRznG/jrDtNB/4SlJ//ht4A20OZZ6sVS7i98UsWyvEyc5fMF6tjCG1HengmpEczMhUBcUxcMVk2Jy+QUoHLM6lfMbCBZtgix+KYONhU1RB4Y1ueqp7+p9K9A4m8QyDhKafJidwbj50a/R01dTAoE/HYgToIVxtrnjJ9UPa7rta6WII5yTKNJ2J0fTsqURI0Eaj6EA76zFfyILffvNnNB7b3REC6oqbuTbvd64GWTNglbkFMFotrXKFG2wBAaVVgYyMSyPt5BWqrqQ6tf/j7Izkde+rpf26UiedGyI5uOzvY2/AtvWdAQQud9+PjehODPg8CjoioBsH4EoO/Afa3jqaFbooCwHo6Fd3tk8Uim/BZ0G2w/TwMQ583KfFClE5gg8wsAzsMt9AmDXgvASkLoxpk1ijzkb6kaqFZhiG94mhDQALleUlBkXk65gmWGkiYeKZh3cU/TDI0K13aC173ufnAS6vclPqh0bfBXh/efCXcPtoHoPDZY4h2FK7luCVWfJGE4d1aYJVRAYoPJJW27PkVATkoPvcBv/xcMGVhDuPFYvEBK55Ft4vLIkJa5ETiXgsuXzc2YPcbDpYCnCp1gDIr0llPSrRrTnhb/QH/3gVSac0bThj0jjnaQLts5A9N0oXg84M3kAL6IAYFQLvKaPBTSebzCYi/m+h6nqd+2fWuKxx7+BU7jpdO4JOEpRQG0nvQlizL8pPsXVrmY2Kv9RABD2lRhFQRkK11+42Zvvtkljb4dJeAUqPpjMG7tfqbPNMmB0+JP6c3vtP8Lp9X/KNcl4XCTRkZ2V8pmJxKJtz+4ujhpiehivlwFeFowWvBQg798nOwvxQD4zdTlcTHrjlShMobOhsK+s09EbBPrQiKhrojBX+smEOg7v+ApRASd7A32TYBuaACBc8bW2DfQNu629kB+9vY+mviMWhfYuBQn5Pvx8CfVNjRGxln3GUFeKaYONdEBS0fg4/1aDSNMCsrwKZaF2k9JKMj2ZN3iUI3BOpsBqExWmNblvD+JNGZYHufI2DZn6bzaheNCjEzzNZ0vwdZheUuAUEJNpwXGGCdN26m3jHt3AvvBgQtQnMH235vLDycFhgGnMh0l3yzEY9nhBmmVq8y/xyGE3/LECwzLY1EHtqltg1wA3kAkl6C5UABBVeRCOjxUiU8+M093Vfo8F3cBk4bFFkqvzGTLksX0wJXKFIHnHUZ7hAQTQ5R0HJuoQ3KENh3h/dHxsZSbzDZCnrcZqu4kWOpJKPF4A02/g1SINuARrJ17MuidbeeA6HvCm8FqyI/d5SxIuE2B1HVlUmQY9MggL0slsjOVeb6EPkF4yDf5F8xKXLvciKRBuxQWJlNU1qKAQ9e4lUEPJNuYCIo6J6FPSpw0Dlp9B28SvsuPI4IkV3+ESh5wK+UreGm98TkBV/sv0LypX61er/iHC0B3jgijKWTREkTCD70MEAroIi4TPetHn4JPMxt3yMCltv1ySvZx3as89f4arGLHJ2dbmiaPq5C8TNsCqSKgXVpNfs3UAIKgiFmgXUOxvS4RFtyQNTvZB9ov+XZ6U2wwZwHrxtkcf6kvMf9RhjhXS1GhQKBNYRDE0ScNwWW2Wa7RJ6635jL1suVXhS+wkZdCAmTbMq4G+TnloWG2M0ytEAQvHhiYhbc++OHtmOVaUD6F+BP4zyo7Zsv5RVeq4AElDBz4uHdQzcoSH4eOwtCi04YYhL+LjyIfoFzExFhYHo8ayMWRijUSkOtRuCqTAbsEu0qtvrfDDi4SrTR20sTTS+TLpsDphYDYzR38IXyBtxBmtoEXPCt3gcBLXFDCEo7XucBOsf7b+HQZK4/FCb4sifdAruBXelnmMnHchKe11TyOBLCfRvt28JOaIdjXkhogosX8QaQdDZDtH1cucVGM1ywl7GtLqOtSA9LvtgYdwQELJaurhfZdMEdbd2TPBT6cIxo6/a3bfjAxijsuUfbsZr3ELAfUIOkMME0FpeOMhu3CcncKJwX4xhb62K8NmoLGBDM0xcBvWis/twOwwQe9HzQa9yBiESpReuYGKhuel9ID4bJ6nKiZDNtgM02VRtqeZLVNhspCaNv51988Szvj6FkgW0HR7FtpyzHCwv3saCSTz9oNEWYXs/xwsEZrjD27WEZhCwtgfYO2HjnZ2/8vET76F606cPYaX57F9h9MMPc4rTsAe/6wDF+eIxm01cFK2YzcMKv+PADxzWhfs/kB1fXqydleMCeQHgPPoWCgDwKRh6KDISNd7F7MuhESjTfuyGV8tB1P7tEn2vCcKOB7zJciYSLdXkaJueVPX6kG6hYGHcvl0S1G7CUXx+Nz+8SSPF3SCEV6Ov1zQQ6fcYHkijBXXY8bDHOn2Z6GQH7IgwWBZCSf1rEnwxD/iyEw9SiGrpjFLp97IimlIP0Q3eWguM1K3C7gVswm/39P4AG5FlXhpJegu3tIIXRHXJwybG9pfr4E2eW07wX7QZYHO7zVI1vVIVnRWR7SvopLKO9VCPIJ91L0tbdqTYALiXUkplka50iE3AUfZ3DnswxUY3O4ArfrlVoK7iq0g6PcJqD1z3vJKCDV9HUGe0fwboXT4aY9qg7GfKavevy7C2YdaLhjnVo4C2o1vjOpIu7JKSCnnM//SRuGMg1qXnGJuusYAc0dflXNY/lZIuBEEhuPEH6Dz4mTNPLnKgeUtoevggCytH4YfiGiiLwUjCptofL4up4G8ETazQaQYyvsyzB8o88lNH8DTHndXh+OaYaKgfb25X3Pt05e3eGS6B99oIuSH4AbYf7PIcObvARZ7AeYf/wYIBTmcrE1fAmTqr9FigrwIsg0fVL3FID1mmCTWFKus7AQL0hZIGol9kSm1j1ZBkAMd/kwZLZbUA79mKpTLreTcAQFfKEJbRkaIWDedQKk+aiIet8OUbygT3gd9/g0jOe4aZDehBe8Smw8Gbp7SgILGTfzRDmxkHD0EepbHhbBMQGfzEDotDke+puEVDZ0YciDI5cd6JXtbjU91f0NenBPAX7i+4xOca1/VzTwK+oiefzuUZ7JHBSVc49M2WJzUtxZ0vL455OCTZHuwIbJB7DDy7zW60HoACDFxaA/Tm0G87YIgb+n1sNDZhJURJR/nTBDuuk7SAqGL2nUr+NvdDTbDSHL9iiWCRKtFy+S2gqHPxBlsZekGXgFUFIjN2CYQgEHGA/nC2VzTB3E1AUQkTkg3yWzXwBUciQ+rHqtaMj1HobteeU5qE6nkckRE/5tNezxOn18A81PocHP4KBta09MKj8/qXglTjSb1uhsEhEb6tAfCLl0a8goM6TAgplpMEOK7Enlmn5NgrdHnoReCGknXKfKc0hQjL9Lo0QUU/04ek73KT0ENpY2pIIbKChAPs1oH3ukIb8CWg3JGJg/UlrC2y8NgcjEL3MNHNC+K8Wr/gGXMVfTCFsmiPM1JSa8iBPibBrf7b05VWWLVPKQijh0cqX4tzH2yhthVIp915U0+PXQ8HfW021yf6a3yhdozS05Vhkdr/9tvEtvu5SE3obv1AAAyzE63HK03zQFtxg4PgWA5WyEly6f1u5mKiotCG+l9/ovDrCS8MiEQiPqZWnpVeIkQ1jts8CW9lXN5a4Iwk9DUSaegIgoKRrHGkCInAd4eMA2o3Gtztob9PQkb5FXfiLwK50YHOLgbhnK+S0G/wXpRL3ySoRsu6z+YcP8wQRlh2blrAg1Gk2y+DMChAmC1tCSAHgjgWWHaVuxmylSrreSUByixtE8WqxC5+hp7RU/XWgxjli0mhwct16PWgovBKWX3z4Zbn1LancFON2lB+ddJVuPp9MdG1FthdrcD4vxPGoeBOUYNdqnr3zcxcgqbySL3xOiIC2YWDLrD6Qk9lsqpiYnjT5UAiTmrnvIUnEQSrugu2UTPR+MdbIQD5xUoGdYmv/gMcferTJNvi9mO++0I005O34ugbmGbkZ4XJIRvzLMP0HPh+8Zwm56mCGi8wFN+HMt8tS8AMExFKwknVDsdVAtpkvFGA/bD1xBAE3h6i4k512uIT+clAki8fCG6lka6VcvgVv1w4F/a18DDZj++BO6ViUBHRS0oHwOIGIBL7aas7yLXh3PU/R99WNVTbk6+Dcd/HGt3/BLSzuKH8p00xIz3pyGOcA4rc3wd5B2xFo/2J5bzghxcKlwRmYrHstyk7g93XdEm1D93zRcMSLv4rhK6vZqICwY4Ztwmk2BfJdwq9EmRQTHYR8tOSRcR7maezEPmnA+2/LDM/LSty84HOZmJ/MbaEArd4TxMT5dtu23jh9LqTcZ/7lSjCnMpW4MAzEkSdgEqyKJN2iSogau7oQneCVppHyn+Bd9rqWaHqaAgfZCoxwlRqk+Wkbuyd9Xd1bKZgI2FEGF1mh0VjcSxOcf5tLO/DzyZMmiHvjAbSFRuTR4BanfiYDg3POQN4I/wYniyj8UAYQ5BbKoHR58Eo2XbQf4MJC1IBYDgX5nqD0Zws+XZzlgwRnQ1aXBXmCaRJLHipF3avVH7gvmO8GbJftqHhobErmg+lSiI5SzY+l+xGh8+233F+pEoUtLAv/nNOXQvJMauQihW4qYx+Wz2grfJgOsECppzfIh6kXDW8Tx762FMmYgIWYIAExgPbhQ2mC/ZCF1DEEdmJflTjRi4AN+alPPnca2mYYyHwoDqX9yRMpdz4HtvRtSUGnRPvJz4MbGOhwl0dXBtEPs4mJyucIN436EyxsYqE3ES4O12h4MwfLePu7YqSKrBcZS66v59fr+fra9Qd67E9SLB/jmpQi+2TjH7N9Xgi5j4D1gEaSOqIhfwB/94KZKcgkzepb5/RdjVwQ8A9w4BE+HtOnf9imYAkKwkIOfu1nMRCisx4toJGBTgXpPPqJkGiDwQRbXfz1BG1AuuYhSDoBI7vGXIAeacg2HcwxZgJTOr4BQCaJCEkmR5S0p2aFyiv5wkfcC26sZytw+lPFNJddpmSZ8pK7Oyf0XXGvUaHNH4+Pb4Dd2Mg7qkEeTrV+Fto9nnjAbengD2QiFCGHW578kEWKUowIZvqQJhNWaLqbTYBVEzcCczNJpqMp42fFkoSlgwnoQFmKMQ8TWFRCdUPFppwX/oh3EVA0w3T4lO2Crh9LUAMKBSj8JMep+IdwwKkd88NBqkDhDPRFo0n9F0olroedEAEnGvcC9Sm8U6UGTFd0N8kgXU6QXdgGvV4itYw0SPC3iH86wjGZVGGwzzcrgG61T0qj8IUPX4Q3+NDtjnzwuSdynrgJbsPZUoDwnsT9G2jXSrw3LNwowTgtRelnwd0XTncbQF6vqQWLZYS2okxx9ZFOO8MhPGEQlExGs2kWAZSGhp0IU03PRoskxImlSUhnMZpPisCPcg8nRHBQKQzBI1ymm+bfuwlYNcOAAQMvcD15yUNgUoBlx1KtJOAxALI7ec9xKW2DwKTK8f4sw9CIw75wAykkAyiuEhJL8AUZXUmXCtPrVzYYnuv4BrIwTTW8Qxa4Z2jkBB5NfIbmWATB2MKPfRupjX3Y+yDgKdeA8+mfM19fFD7rItq0EBkV4LH4NsnZgH18G+w/VGBLFBKnm3zSz4JbuDzgF+OsL47Jz5IBuX5sTZOYqwmEurwPWFuxFD1AAwioG2GoGddZBkErxHUo7JafsqPVepmy6TRjtKdi+S6brfTUSjcR390ExMUwdofeTWWAS/ZwQIjuTK87YRUo9tEGI/lu0K/ERaAiwuHtTrs6Zqs2DUZCfu9hoIVOUp1nysoW3Imbimk43JioR0z0xfgYdXyDBMTLXDSyu4YRaUYKX6AW9EGIUS+mfFuCnvKeXXSLkYDHt8D4zc853oZ5gv2oOEwdMhfv4DD5VUl14e7AOSQCHt9k302wweKguKc7vgQOSVQI9xstOM278QanGwMRkfniQYeSzH6IcB0gtnKw7jTJQBMaPBOWXLok37ixdaWDnOdacg2hBkWffscHNnqYlJnOVtj9EbpF4eqyLbrP8We7i4B/CERcRhlIZZ3yu3EIklq4IdJhnwh4FyAlKhUD4/hGivfwsE4DDY1mjTP6EL66m4ShxTHRywSgqEqKmCxhejIFlwR4BrhEoxk4gZoBD7MZfAAmJqPCQFWIhMR7xeB3qUDCXAzNuDXW7H1NBdN9GA2dNnoN/st8lr7MZ7OQX9PA4z1+Woj2/WDXtuX9Ftp0aD1R/XDz1c0mQ4nSgdzgiBI82p1Fd8Ro3x48TBi7Wi8A/ATzfrjWX8MMA342i3RNpzXpRtiDn8LXNH3FdONyll3iKhkUdD+3KALcNP/eRcByP7TIQvv8mq1bChCV+xYBNztftkHhdgE845/Walyv3YUJLSvkmAz40sswwf1HwvaCozJbAwYMQw9tlRjaeqID99YMHgwsB6+QkBHYAaChjrv1MOxIs2m6KRLvayRJTAUr8NNi4wcuZ1qC/z/A2zJr1unWN96Q9jvAJrRRA6Y/MZg6vA03uIHHm1wMOT2TBK9iKpgGfBjIg6tiUejKegYs1BKWaAvq1wfNbSi4OI4B7NdMt2XD0CezWTSZiqS0zvsx6UOjivjuImB/zBMD2SwagFei8B2lQgFuv7Q6OSU3ENmBhTD5FmXyp+qWw9txW6NHd0lih6yShspgcslo34yuQxBGHp+GGyl1MAR0jaShTejqOh0+MzoTbCCnO7U/pcBP+OZP4WpC1jdMy/qcL7ySPVxVyNfw4I1vIcT5/6CYCryHkYki54y3UattE/D2dqeSgaB77laAd57D28U6ykeDSGBA5/rpMlvmqAonRXem+zj+NUF3j/J/hu4pnQSUwXrt22migUle554Pb0OEzVuGFoRaki0WRYFVEV7tpkbMVhXx3UVAR4ylu5faIJ3SUoZSAZ6GO29R7T5IKlAEAeOfkd+o31aCwgjj3Zu4P3SGUzE4fY69GmIQjifpDXKJDbzMRQEyahB6ZCMGT0UR3um+TPSrAvyZMELvUHSlciu8rzQgdWOBdp9PQa1ko4zuhgJpR4kLtxXgk8Ntc3Mn2tzgSN7PQftWXgyMsITslw0ck8/m09Es+S96kSnRkrFZd4bJckAa5P8bcTWMgiAnEMFPk2KEBZFoPjGMBPw+7Km/KsDvuy4K3sQeUTU0BiV7fD8BLerGwkwa7vcRa4AGfEX+7kurNUqf+CYiJSicgF78c2zbrcxBaYTbaE4Z7zmFzyg/YCja5bWoTCL7+MXiBl4dAf4eXSoE+lBjwMJO0b3ml2vD72FBbjKh/nxMRivUD93/GT/lr3RqYg+UgZVXLUk52LfdnSck7g+AXRcGR5Ji72d5EvVbBuc1jXoqA21eFICTFikaDl3j6ks4M9yEC563QXalgzelalGodUDLzUE5RoayHq0NYw1cRBcoWa8pLZhAlMJGWQGq0MCITywiu4uAIW+GwVsDVoroh7lTAQJV/nAfIoKBXCZ/lkjCucXAHkXCrXIVZbUOkFrDZ4Uh1J9BRSINIdGQh3SHiYIfI3xiEkwwF0NPoxNYgCPNCTgJW3tKA4pmGIj4lqDcebinKFwB3vCbaz8JbTA3P/Nl3DI5Id0M5oCAxygNRzOXDMwA70gcjbqXCHq3uyYbjDeldtAhB3OTa7rtu3NNy/HqjiCZAM4dLIPACYvZlK1wSVeoLaxN3f0OAtYD3ouAESVexs3XfbXoorgbRKrzsGwXicMtSMgtkbyfJ5JPbjNQYCLRReEi2VfWxg3dx3s6O7Qk2EgYySVQMInwFlmNH2TjxEenUOdPpFi/HIcapWP0xKrtiYAi4usMovfdUeKDC5jaQgGOb6AmCHg32Ag3mWDpJ8Z7W+cGA/sO+NzH9b6rURAChniUUh2YjfgBB2gxGmXwRJYhyBre446LEnS0Mt0P6IbP3djz8TJpjVLSeToJgsT3bD9WJu75xuG+g4CNgErB4M6njFEi0GUDKoKchze+tXYHAQ+3EBEyGf/8PuMbDGx4PA7Bgmkq9B+wjvH834DK48g7sBVd9qxDtpcRNnjo0UiKCOlInCReYv8MZqSxoi7vKwvTpyXHSgfD4Hk2Kibvui65O7cU4JOTB9EWBAQF+PNfxQ0GNjAyJ3HP3cngarFYaAi3csUvcRhdYac0S3R92h3NdbweRnMXkdGJJkaEDaqAezQFm42ut6HFPbw70TAgAIZ37/JyonhbI9h3ELDPeCXO0PkE7iAZFQRJI7zpI91JwG0NyBXgL/Htb+rAnOKQ9jOdX1HBD61H0CcfvtEN3M2KN3cmq4hsb4c8wGStGSUD0wnFwvOEGJhCJIwfeGtCZ2+rsU4x4jv2McVkwhv6fjEdLez6HR4gBiEPgE0ERH/757o7dHYZCCqQkoGy4nbZANdwUBeWkvBLHN4nyeXKi4F5QMOJQWKuQ8iHq/s7oO0iRDtPUTEWo6uOj82zeielsuf1DDNmW3X3OwjonPFCiKGXzTC+Lt+pAA9FWHbDBAMqHBcukj8vAqnOLgPJLKAKNMrGe+x3wf3wEyXJILDNZgldWIfqv4OeMTqBHbq8RJwOhiKdDvwykuxKT7WOr01SXhXZXxbmnN9TaKAspQlLvvEnGnmA45sK8C5p3wYb0e5/63m/6EXsRiJ9ixr0VUPLabsed3yUqOD7oaOiC1oQzY7tg1NjPENfRzEiBmj7XvwNWiDdWEPAvPrntdZRpB/TwvUNxnwdncBv/C1/5w4C9sRYOrZj0eIPmWcF7lWAtRuIVGKJIgkG+Bd6Vjd0oMVVoKGIfajcELtdcEXSb8D3W2K2hfiH1DO42it9QIpIjMlslBg+eCaTbEmBMvanIgG1rczoFz54T+F/bynX3b/XrkYrTHdxd+f0pgJ8IrZN7BrgLbBrJ2SAf+GW9V0GOjioAp4BmUD0dyaU9P/wao4berXoVfEBcw5RR8fYLtFA4OEB1CTZHcxCGNF0BCyNU3LAE5fp2rt3moFDIxrvheE/6G0C1q0x3VOIChCvG/wvmAZEhdyzbnwnJqYeCMvgz1BW6peuWzncYSA3C/RzcUjcS0xCR6sJCgr6gHhzRmd9jZfWsQzZuGaGoGBHYwna5NUqwpgNdB/V4yAUpnIxEPCk7ND9wufQAof8eAjh3mieFJqMXj9Ke+tmvId56NviTk7gYWWAf36+YXPqN8S9JrriMU8Kck6XD00ooMWa9RsI/IzrEcQgOgTEhaHMu2uDx3odrfhhZaC5WU9QP7IZxMWoGABnDZfGaHZ943DfQcCQX9HAL5sZpKt0QJA0gpua7J4sYGkTSAGCSP5ix+pw1zXGkgGpwCShnTWYjyI2GvxHxRgkQh1ngPa/xhWZEyRfglEaA4wo7NiYY1zp3zF4l6Dm7ysIBktbr/33djS/wGu20sssVIS7c1sB/uEeAm5Zm19ogPmPsqsC+1wFXo2uAeLFaDYBgPl+Xt9IUrylSQMdB4L+YTpdaMaVm4BoXxcRODgjRLvjez4aIeN69n5uRMUVZqV14GCqbS/Cu03AWtATaUC++qxbKPzKnpsKcAPJ3SpQ+MR/wbu6I5TCC2yBOaCIP+WVYAp/dcPNEvQAkVUGbzjg4mhE6wh0HyjKKhtTJmYYo3QgEZBnRvdwR0iDdx4Z/jjHWXDsAqWE1/heBXgP2IT2T6943nV2iqBcBbafJRT0gTCDNQYGnp7GvnHd7V6hlwPaEOyNluco0Vh90i4zDIYhNOnQxYFkfaIkSIxkthbp2LQkIP9H7yLgOU8DugVyEH+A1p0KsN44eYiABMlfYBLoZ7lDBcqGUvqAqPk0NsFqSDZiIJQdckM0qsVp3NgKtumcedFkE5SkGnovqwg7FLx9LSinO9GObcPt/kOKXaDXF+TunIc3NVnjcwT8hfmunX9jRwU2qruKKBrVGF5FiauIjMvRaI2xnvKGcjCEOQebsvwdP+ZgF4ywVzzUe36UuetMU+A7th3u2wRs8IZ8Q5vOaOXtgKdFrTsU4P21ydIAe39hYLktlA2OSbNMQRv0yygYJqORTlSH65RZl05pbTeUA613GVF8zDODHdCXE+oVlPaVhaG6+7HdmeLWR13x3nBpH990R+tbvVj3S/tf6sT2b4o7NYDw63evu1NfVJuicMLR5nh3Op1K0I3qE4g84DVRSsIgdQiKMQwSMMJ+q7bxd24TsL/iqXnjX1KRh+GQ3FaADxIQRfJb52eXQG6enUCEyqY4v6OIxgNOQ4O8QCyDGIgFgWBUMXBnm4EaacAoibafuyGTX/RQFqapgy6eGFT2JGnvvb75fbUHCVhDtP9Ca4Nny+dpxLg3sK5WFaeIJRTt6eR4G8YzDc0vpmA0nnQgj0cQEHw+1okwJdiJikLkwuDvWI7WOjjcDxLQCfDCDqWjl9Pf7fqdCrD2IAFRJL+VvL/YqG27gY0e90uMjQJUBBd1NL+cgCSSGjknRL8k2WIgNxRF97oSVE5BGlPdBwF5M1aH2j/1ScpD4NsK8LCx3Y16twH+xemGrbNtcV47W1kH6sUkMj6jlo/Os8lslmD7X4RzcfjZHB6S7IrMcZR1IRrEno/ONTYlcPCVJMuuNfJ3jktv9TYBe2N+bw+mvjHXMbjbA3zSaNzbn1YZ4F/BqdqGhLJTqC+oDYamBFlEOrA6QKkrTMGwBBsx5hr/7MZJVlV+Ghmo7y8Iroei7InvbdGdTdSfIO13NGOd/OXeDj+NO8SdS7mvTH74IaF0A+KmTSFgMp5dda8N43qK3BsVSMUr0gTJNJsyLuRYtBNYd9Jez9c7znbS/zYBxb09REAItD8O74fkof60X4l/u0a49Ev0SEOv2OeTmlGibzskUbSxure4RxbY0MsacZEhOB27tqd7CjcDiMrAx6zGn+6W9uPGdu/vHdL+7a/Dv22LwxOvTV1hhTYwsqk+xxhdm62pCBUtFotX2O2WlEl/Le3gL7C52ZWWiIocxL2+L5yheZYFfhRFUp3f0kXnNgFfiywMqZhUU1AM+sGtN6fxoAb89fi3nY/ux1aDC+V8AgRMsCttYugTRjdldwxe9yBAOAejqLMThEQ7X4Gn4rpJJ2EXvX3FIGUvjMIuJyBIiX23tB+W84d3ok38k36lMmLttrivp5OBtpzrEV4brGWg6MDsdLQwxwwrNQAT4syNyARdjHA8xIu1aCvpRc7gu2WCt8n1tx3uWwTcGAVeC1ZpFPMWJE8ajQdUIEAi/WoKZbtQnks8SU7pZ5rNUsgXBJ+Xt6Ia1IUgPOHJbG0YO0owivAXySblqjAzHUWJsy2TX/L0iYCKkYBy0WXlPnen9hAB0d3+Ff3XDQN7uCcZM/++zqfgsA0fPgEHb41NcG8wrd+hmi8wMRp158YErA92oEb0DrAPmoD7egpo+7Y+SXIW7Exg3yJgbcwbJLkGNEgBSrcVYK2/y8CbBriczP81zpYOtGh/jm1MVmUekDehrrsFVSATzagSL2AMVpF2XWy0XtQBn7mDRhp9k8kmUVNeXPbFj4NB8IluFKP3U00x2jSLfp+0AwPv4Z/3a7qvGyvMXW5l8s7VBwOukBDsi9FoKvxtkPKrLqalqc45ue5m8AnaXKJdNouwIQQ+S44maJMYLqmwKQguk/63CFgaBZ0TkBRg2LsNSf9+FQiQSNKvac82DOQ2WDWuZ9qAtwSSCnymfcKXakTTD8aWkQWN+MdpBkTrGIQIqb8OJqMj6tcqv/Wb1p768ctNjJgjA4eCEl792wrwsP8gARu/cvhUMRDr1PWaPO/OtJRB8EEWh12ySZJQzy8Znfl0Mb2gOqeiLbIs4Xk/wjYKtYSS0VHHp96s2Wy07ng7rZe3COgEGBHqnICgALEz7bYCPCwJeHKbgMS/X9ecbRiYO+QYa6mSzBitvYoUDecMdLK/UbQhYIeIx6tyxEaURbAQoymQED/9o4jOIn9P66GfPAlFFkZXPBAnUoCvb0t7aW5OTiqwt6YyG7/6XuF6Je7YoyGDXUnAvoKoryFmm+KUsEL67xpbfKMwnFDrGxIvzQHb+Qf0wQFj45k2674nc9yJFsV66WJEvJv0v0VAGtRvGR3qOeYKcHx660cEfbGLSb3EBL/4DabLSgZyG4y5aFzLjhvbR5GWZXOeg+nwCQXuAVJSkJ7RFqMLI1lHxMDEZZHGjTDj1jnyansqxNUD57B2yHt/ldLdOb794u8gYHU916/Pv4qBTi7i4EGSFYWmgJs3mrN1caGQv437i+ATP/Y7HQyGkyvD+MbQFt3uhyhDw6NFCXPXf9QI9qxIfT+G0GR3C9QtAlrCKIBuSQ27dtdsAkJSrmbbEJD/Ikh+i4xuY9sxpnowLmLXtRWLwAaLNHQV/gIV2YwZ81liUPwFliEDH5kMsW9EkQhE+DnYWzv0idjCA29mpj27z92p98vVgCfHWxqQf/rbtFAIBtLIKHUF4lbFgfFh7Sa6p0RYaAJ/5/10yhvODdbtzufd7kUH1F2xWHwAbhZgnUfTIPYjDjcmY3A1hdHaSfrfJGB9XAbBEdOEArztndel/k2hrPHBQOTfb2PLOAMdq89bdVPRh0WxSJWG7pS1oE7nenTdmb/jWWjfh/DjKNEE8/iHDQXVwz3FIHw5JQ6EZIUmo2jd4e7AK78D7XLwWvpt9vrXhbjjvyNPsCNG0RKIhzEKYbMZNl3yFDMvec5Ho8Wr5eKC5wNT7QNjYF4gtFqQu0MeD88GRunxTtL/JgFFe5BG5RdSgLc707YhaWwRkJ+T38iX2hHKySjDTpi5Ru1YHa4A0S2Zr6vQIgWG+ZU7GHX0TolEyUPBwWQnMfUlT+81TmD7pM/JA7wxi06nJt0p7kLafyvHAStQfceim2RHEIUMOhlOw8EBQ9ydPwOwwaDqYvpBy0OecSbnBztgFEB5koNLSGh3uPfDtGcX/294lVvjXzcJWMYgUQRqBa318R0K8MS5H5KT38yV4gmqXg+9n7RgWGmc4EPCE4A8Ee1el60ZiExFRrK4gndJpFU8JPeYui/2EoOMedI/uUxEvHca3Jb2/hbarZv8++38hkZZ+zx0riGUVbRVAg/FGn4Viwu0NCLyoEYECAJL7wf5RlnWSMPlKeR5U9rhata9ThYvDnf8nZsE7IW4s0o35gvDoLR871ZnGjDBqYTyJiS/Hf+EESahrMu0sBi7oPWra74MgTfAGOJxO/uslVaXeFd0XyEkyZynZcAF9I/r+xnJpHboetv40M2EuxPclvYGbty9D+3f0G+tlYmYY3QC9W+UwQCXv18aRprn2PzB0wzYfmBMsiLaTn9FWXeGxOu8Ql8wwiFNUIIF+IzdqVTfuRX3BgEPaT95s0M79e5uzHhSp+t5SkiarS/FP6EC8359c5u7ovMeID6Z1RFd0J2Lmw0IleEFbGYFUK+TXFMsjAS091qIwxsaoolG7s7tSSTg3/0E/C35R/Le5w0JNl0QjOt2qO2SBL8ctu52R5NnV93uomIgYD3HERds1yqm0wJt7zsk6CSZFKPsRufbDQIeU1jWhm/WSwV48+eqOaf3EvD4t1UjpALpNvdWgrPS6zVOA/NumGRilA3QhrYoKuPbKS2AUIIHWj7ZDkXgY/twT4W4Hl+O2pm7+jMaOg1uOaKN8y0CNm9I+28rM7XS3jzpgT4buCO8dkGhasgVqD1uaYrR9D0zNHZNheCOyC5czOfzC037eBGlYYIwp+QFxTFbsN0Y5CYB6aLWutKZFJFx9yRS/fR8i4DNHUyav7EZq5UlcnAC57gxuztNyiD4mhmVF3LjkMLLPiATo+gpSzsHGwKiDtzXevInL3jjUTSbRtiHetgb32rE7xHa/bsIePxb6+xGmXSQ3CIaFKDVrrD1AJj2asSeUdXdSNgKq5vf+Gmnwz50NOpHiLQ0xqzLPCuex8ZB5YBjA0OMHeBb/s4NAlr89m4t9Tv3NGY4vdMdArbE+QL84y3jPYsuM36GyyhB7WGH+Afy/8gvFklAo9J/BShDTAWuP3IMrrKPRuURYnh2oO11Ig7NTSrcnVsKsNbjaJcERJwJ7WP4+JujXavsDfYDalch7tuOxN7ZMtuFaWiNVgEU3S4zcPytg6NHFOIlU0Ab1eKBcMD1+Obwwy4B6zSQ1KBOhMadCrBh9W5qwBb8ov9+eze+WaYGqC1aTAgrUUL7KLVOR7upAjvUkbFJviBuyYdokxCcQAyCSTVvDxNxUrUKmbs71q14zwGwtwjY2oDd+u35h4mvfq/Hd0Ui2J7+TFE6a6aVSX+BOc+9XICGLIxo1h0lnejge8S7Y6SrrIjKRIyWFNF37d0Y5AYBeRawjZlu+c7GjHqvt0tAQIKWXrdOfrOM1C4kIJSSqNXQWIg/wQVsHUOMghjaZuiIA8MtL3/QoosDLIl0SjJqWfHd3ibiemOspukXrFSAN+M9lHZAu3K4kX/C3vym0V7170uNmFLRNk2CgMlBWzzAHCBlXTsi7qNqSDJn6wSLH6M5zsHiIMQcl3hgGIzIJ5iAWHRuNh7tEvCUsoCKls3vbsw4PLV2CNikg2IJj1/Ci++XVqEprudSrruLZ1SaBEcPy5EkkjuNpxt/70CL5h8PGEsODg6izscMQFq7B+3D/ayFqVMWsGVMu4V8eJe7U+uVBBRot0qD8yWszROywcLedPgqnjlEuzhuY2jF2nj2cVZgSS4R3X8a+H2dhDH2UetczHDspsg+/pGtL8AAd0AzJsZVUUTk72xJ2i4Bg9dkgTvJR1KAr29AQvy7QUDAA+8I/TL8I7cErEK1uQFv407ghUY4FIM7SBKyw+sr2ky0lQTkFERX5AD4SQT8MENvZfJHdU8xSEMUghOXNQ+Pb7s7DbxfudSA/VLa4SN63l/mRwR5pyikTdcK6EZSXM8xxfcMN6Y+S94xHEKcdz9wk0yFkLQH/iH2CGJhWHu6zv0IwU6mgLbmr3IsIW7fhrFDwDpD5SIdaIbOFeAfdn6cWm9slRqwdAEbJSJfRoMcitwUTmuljG+tGySjUfIMJ0/FSCbXgFsj6JUGxAdD+76DmBxoKerGA611Qya/1Dk9w2jKPzCMO92dvrUhoFSaGy7rjZMv9CM2SnvDN6Eoiv8meg/BMNjjFJDWCe0oiaJrSkRHpeM97Y5GYHohBBxBEHKA8h6GQEM98m7mXHcI2GfoFXvfdb4jSMJdSBrWmGPibNziBjEQzpdK4zZEFIJuSUIr8sEzwX0cRoclxqYXJsq6zKi4R4+k/g5AF37EjwcHGtUnn+5tIu6fXmAzaafzPflFN9ydQycMS2mvxL1RQv6l/IU61kJqSEAjcTU9iSAImSQJbRz6YDx7xmuez4ysC1pQuDsHBwaQdDodLeDzaPKhuCCD40NcnDz9jvs7W//EDgGtAPNLGFO3bjXiHzrj8MU2ARvb54uVEWolAdsYhaAl0PmCYkObXXJvmIulu0y4DcZyOM3EIAUBis7FaHpAUolmeH6AMrmXm9JpEa16cPHRrh/f9ABrVhBaW+amQhtJ+MX4h/JuURiMPR94F41GK4PA4i66hZGs+CiiAc7d4oq3VmLbb4f2CE7n4Oqg7zd72uE+zwVw8tbwww4Bzygx2nmVedSYcb71fcdWMA5fIybIP0eS+nvhH7cKYoOrMohmuAiWNqOW45gd3p9B40bcDaRWmOgpakDEQfu4LEgDIibr6701A6K5Oa7Lr7pZs34C0r6lAA+lMAjD+6T9C/IPVGAVBg+0BV6PoU0MTDpEoQYRCcQViaFdXzJfoSJo1PnjFUo7VkLmHxHlpCiKhBNQ+5C90m4NP2wTsEYuoPzd3D0BaBy2+b7aaRDsQrJDwC/57tUqtwT8EN1PcU0ijvqKFSTYiDoXROTNLgkWyiPcqshJF10k2oEgIPqA+4pBzoMaaD79HzM0O/Ux2xCwYSHYYQW2tHM1/Zfk35MnTY/sjfxMSSdhPjGAhuvrhC4HeZUtrli3WwAR8VqG+TWYmcmsm6HJwb3k5O9cuLlGhgekHZxuH03sjr+zTcBz1qjVjv2DjloHogZBT3xj43QM/BuPiYDn28XJL88/bFSjlsCGZrhdl1+XTrOqwgEGAvLrKeadaPFHCInn3SlofyClwCH68KHTKTUgPEkNul8+BjkMyNxgHhwVIAstLgT1fi9gSMDXSMDebXPzhfNFErUEvvjIgFp4S1KkZd0FH3eAwPgiyxYJW73qFtFsBnB+GI2maHHT03P/ewj2oosMPHMBfNTh/s7OxshtAgZjzEtpBzqm5U8Z0K2PGscK2NkNBbhDwC9tvVoW5mH6zFgt55quJ3PDmESiE1qsx0In8EpMfkQTAC06uEii0vBGH5/SJ52PxdODfcUgfwBzc1L3nn6nHoJSAGl/MZYOnzTOx4R2Ke2cf9K+9N8TTH3067UnwXSeZfPOIOlmSrSa8JsGcCMPaLWOrnfY+o/c18GVgYA2eEBPF9kFyLd2taAoBLzB6dMD6VbOdYuANYZ1uPbTgwYgcwKQWOMx/GKM+BdsIJF4Yqq/H/6JYdpGKqbScURQlIFpXbEoBHdEPoY8QeDaaN454DoQ68OcgB9GF9/He6qDnAbgAtb8p379+ASlvQdOtvU6wCXeBHalADna/f3oPzjn6PA4iYEXhhsTN+ko2HyKuEbThSjKUTWkwFQMdUUDzN8fQGQ8At+HLFCEsR+WSBq3BrC3COi4aO39p7wNCyF5EdAlS2e3IZEayEDEZR9tdDiYVJPF9UjYnMbrQtScsV0Njso8DBZ9eTcgkfCPCeciPHmwr82A49fwGlrRU5R2VICWNeZoI9ilufE42Eg//F/aA/+eOHhLWksxlEm3e803UojWyySbb7recFlR0dHQ79Ow9IGeIdY8IQ5JAGwQdhZ+1G7fR7VFwBcBh6SFt+SwMUIyDs5KAgpIBP+k0i/ZA/+e1LhfbGyGkbB4LfrwtzZTdjZJaHSBDzp/nEcUf2jfCwKCUuzvZylC7egcXb+/8akLwbXQ3ASE9hbYcYV2n5ucPfDvidPj21D06WiUAfn05DriNkbzN22/xsfp9P0CPJ8DTHqBlVmM3r8fLQBmDPRAAc67/7w6SG/FIFsErDO6oetpjJCM1z2SyUDI5HhXJAUov+b+jZ9xiIB1K+J7OTAIKZKyRXy7MbxTpuaJgsC3pxfCCtMH7ho39xOD8MtY/KeYgmm441PLeiHQPquszYZ/eJV5Q9qLtD+RyOPOJgqbz1nH0Dt4M+YzQ/R8VNIO3h9fekdYa1Exnf55usDKJ6GtfVy8Xzyl9fi9HdJsCAgWuHYMkJzAo+RaAMlrDslZScBdSPDshX9P6pyAfxQmGPsQNKMKPyqZvJp+NKJtAmJNXPBPkDDaWzPgGAO+kwNSgC+Ozs83BKwU4E2wf9VtJz/99JGAjWVCl9riru0JeH9X0Y2xG2AiDp3zYggy8GLxar6YA95JwkPgyafkqY0xyO4i/w0Bx5iPah14h8cYlDm9CpIN/3rbkOxL/+HdGnwshDdk4QWEStUbtOnFMpLiaWfTih+Viu+g848Lof/gl7+fOsgxWWDvoFlv1Pvua4f7O7toezsKcF/8e9KgUojdEdeTAuAD9O+YWIJs7Ip9xH1AwDa5ugLudZ6OZgeUCdS89Dvpds61IuCxew5Rmae1aif1c7e3IeDGAMferkzuoYeTn57E55JIBfKbeSoNSI2QPAKhkKOyClXy+WBeVCqQit57iEEsTLnWNL9+AtJ+5qACDHfQfizWBgl4QqUQ2gMAUbDxLMFel25CLZjgEHLJj0Riv2MI9yYFJw4M8EW22Bicxm1/pyLguYtpgdQDkTxhgXMuCBhs8e8GJL/NSP5POZQZUOlmdCUCz1gvl6Oi4tPWCW5I4K0vXPsTPBsSRlUl5Omr070sRTgMXtRPjiWtedwAabe4tEPEV0XAN6zNHvn35LhHvR8R03RFm3VH3ygZ3Rqc0TAiOISI/QZsTPNjEHIQxZ6Pz6Q8CwgP2bvj2/5OScBDhr0Zkt86PoGg7NTpbQh4D//2McgtzinV4rT5RAECZmtDeWZU+9kp8jCSOXW+ICrfXSwSrIJg+UPrfLdxADE0+/v//GQfhbj+kQS6z/ZqJzWQdumULPBY0O92uLdPa/Ok1qNB7EU3URRtMS0MbUQEnGE7OaJtRFl20Il4rT2ZzT7C5x+T7xDi7w+ewuPTg4OPB53/3x+7/zccOLqxOLckYGOJkHhtUIAN9wVAApiAUYD/xq+5RXg8/KPUVL1p4OQ9OYIrV9hgckswGL54dSBmYQ7+7mk270Sdg+JD1LkoPhIDnx48LS7gG//RPdlLDPLirFY7bnqNGkr7uYTm5jUycCwaPm7pvz2iLQg4mXyD/k6oKQz5h2t4C7DDEA4bybQAfPF/IBvLFlGnk3VfGR9HswtA++nTTmfRvUiSP/75xWG9dtPfKQk4fo5bXZzWca0+dh3nlGtAsAvW6yoltQPJnlxiOs55HS/XUDj/0DAwJZluDaNHm20I6A5/RHTmjDqxqAr3nfG0eDqfzQ/i433EILWjXv34GMwqpWD6W2i/fm3djD8oBtlHAlCcOtbisBtBXI2hXNO11aPsajoazY0S7Q4KOfp5q48QBs/fzTt/nHWnH/+/ZH/nxWLULZIbSxHoCALWXAudEqkGQdnSEpBU57ZHvD+XBI90vjUVgneWsYgurNgJx3hCABn4d2QI0A15umJEwItXH0ElzooDikH+4tt0fu45x4xXQ2pgCsZ1pNMdtHu3+bdXaecEbBt8hyEEw8X7KTJw8bH48wJXo1Kc1/m7bPaBt11FgLaWat9dzFfsI4KdZYnxajRdYNn91m0sgoAYgjROcNVQPTiSJGcLkx5vQHgsLgke6ZxfL8SXs/FLqg1FeIE30gJoFsAM8LTzPOF9MFm36KB7/PRWg+6XOIfBmC73PUEF+KLhODtgVx0Ij0TaDzHngARUvkk0FPj5VFxbPaHtbLTeBK1sd8b7fJ8C2trBd98VWWjg1/A7C7w16emdOVdBwLOgdnyCpy4tLYAEManOLUD26gA+oeQ83aWjYEc0JyBfSNkpm1C3E1MHf/d3xEDUgLwN5iAh0YRguHm4hxik7zog7Sco7WNX6gPY5xuwTx8b2kRA3JWvZd3ZRMG9Va/gFPOO34sJbdqQtZhOpx/RE+zwyANrwBztC8YuDjpG52lKBLyhuzgBj5fnApJacNTvS4DJKacgzSTcRGSvJuGJSM4jAaMZQqJdYxAyn2FT4O7NXDwtH/0xelpSj5+OgaHZwdNoLzGIddTgaNf7rtWQUNw5BWkK/RbYv/K+7Z97Ds8FAaMpXs6lG8n8A16b/hEEfzW9wCzgvIiMySTEtrfO0/n8gDOw0zn4HsnYUXTQjB+fPr2z8YgT0AKnBABpcAUIr5lAOeV43EZkvwaYCEg75HQdlzUpEU7FdWhdRKfDdghI3fjZaP49EjAqG1EPLi7QHl+ATG7ujv9i5/DsRa22UYAEtnM/2Ps1wBsNaBhpiqPXBr82HS/EMD5g9znu5Mg6hh9jMSqadruvvkOD0+l8992H+dPOd0/nF9H3xejiu+17qqvDCXgW1NEBbJAHyO+FccrDrUBf2lwXs2cDvE1AWtCr4e2huCZrqza+0YG4IfofvyMVSLzDc/UBTcRHLpN/0SXPv+Snd09JAWIR7oVYfb2LNrZ5VHjvG+3DHl9iaChpitUQI82x4T6vlsFrYHzxXlYjmhPY2Zx8nQ/Z/AN4f9/PR93RbH7F/ubg27uGH4iAx26vzj3AU1CA2PqzI4L9b/GpbytQ9myAtwlIXblYJboRewhsjOLC0Hg/EEDydDSqbDA9PvX2sRThnFvgxnE9QAW4Cza2XUniDXgcaJcEVJLuiF/KF6O74OPQDVXgteSKohHjunthRFpOvvbTi1l3Cn5hUWBfYLfL7ht+IAKeuv0a37Z7hh5gXxxJfNZoUDfat49EJEV9vFVdlCQ25JfduRX9NOObBW7GB7cYMfmbv7livBz33cXi4rsD0IrfHt5OTP3W5zB4UTtGAtYdcncqsOmzb3mnuRD4R4H2ubjA/P0Ib4ZEeZed2N+g3TFi7xssRb0a0YU1XNwvPiSrZJKyLk9bj57e03hEBHxxdHxC3aXny15DdJr2S/KJQ+A8CpG8qQE5+3Bre5SUazoNurHC+GZCA/sHESfgd52SgLOLDkgpFse/+A1JNTA3IO2NWu25S9Jegb2Z/EAWPhq0TwUB53jzNEKeJL7eeUXzlhqPgfmCeFoSE2HkQakY34f3hOrGyMB/pNaz20l/IiCWxhGShnvWl27OnG+Bgl2Re49AnuwSkBio4WXJkyscPyBjbHyTaBwUktKIZ6f+5m+Qfd/zSvDH0eLpN/toBuRJGJT2givAu8CWaOIBjPAjQJubYIgyfH+FWQejGH18Fk1HOPOBEENk8o3xzTd4Y803uIrx4wVH+yn43Bej0XvOwPl3t7Zy0EEC1o+sOuZF61Zx3pf69xCwwW3D/k3CDQLSenyNNgR+dF1eDjGi7OoZaUHjmx0CRh+f/uNH0oJ/U6wvdBoS/MIxyPkR+jtYcmfSA2ijz7OnJvzdw31AlZbzZl2wwuDUAK56UiyLiPZSZtEz42+flUsDIfKYf49wP+2w4tW0PPPv23f6O//hyf/zScM9JUik5Zj7wQ8RcM9JATqcgMqzsiefX5nciTri7mScDPmGGwaRDSQCAgOj7+bTC9CB33UOOpqIQb6wkfu/n4GpgQhkDNJ+a8XJLtr9x4C2ICAufzKu1uuEX0eP659S3AYAQUY3e2awCQm8ZhyAZpxGFIa8iqJXC9zSgQ8X0d1JfyRgn2KQWo25juQ8oAEfiwLkiejapNCU0v0oZh3tw9+VCyrhuWckkfBYlkNIBS5ANidPEzDAmJB5+uM+tpO/CPAyqbqUBZLzINqgAx+BAeZ5wCc9Mr7KGwg+ns0hHJ5m3PdL0MZOtWswx39LbwXuhSkI7Wl33pmL8+rD0+iOZsAnJQFBJk/q/3RpOacPE/Bx8E+MKWTdK1odSzvyVwa1wyS4H4Z7xc+AfugKbtvg+cXTzvdZd36QjS6+fxrtZStHMIYguH7iYs+R84C9wfOFf7Q7D1VCnrwYdRkYX0q8Jiy5ykZz42lxZSSL4lVxQdcy/K8s01D+c5GIYeuPB0lyxdPW0VPchHy8vRmQn4qA9dMscE5vQHJyE5H9x2R4aFCrGWJMRpYBUwPGHBfSXa/JHyT9B46JkRXPgIGRICDY4KcHT+fLi4MrBp9EexlIAgKeHNeDzHL4lp3G/Wjv3wF8UlZCPAhxAWM2mdBFqmw6WnRededGZwInnczZPPrbonuNFsj3hccDcUiUY9YaHg6e3h2DVCYYImCXl8K3IMHc9CPkH29GaPg4JGN0GG5ogxdOt/9GPAaeaM/4KRbfGFpFwL/5G2Sgph08/b4DT1Ah7le9bPynnDFowHovC863N33eBfbj4B8RsF5/wUD3+dq8O8O2IyVKwglueAd323M85Znvec/+9uL9Au+J++67Cu2nB1EMr9Px4Wvp7sYjCkKOTuu14BIbn7kK3ILk5BHyD/sB63UpMhSNaUqy1nTaSqd9jHA1m9F5Npkmf2sQAb8Jv8F7K7AI/LTE5OA73hbz1D/cx1aOfwqw59It9+zsiPujs79PeD9gvR4+HehZpkfuOtGeaeygc0Q30+BRlGfPlAE8aEliPMN6fKcS94ODju7FARbn7rmSFNMwh89fPDktWPja2hVKzr+TR8e/J84pdUSDIOJ2IkzOGxEtHad781DnffPsb/8WCYidgqAULz5GJSSAycXT7y6y+Xf7CYKf/Ce3/+SsGOPo+amzK+7bRvj4C/9Y9x5qSK3bka5dXmqKf9nNrrJuFk1HURnwgaz/ryTu3gAvqplnV5oQ9//49ODV4uAAwpHvcAPAXZuQKRFtuY1gSQuZBAPvcktOHodFwOOclh3RIhWolxd/GErCEBDw/LgN5nfHLQrSek//H3/zH/8jjoN8h81qT6W9bOWouy+cJQuBgb1dBu74gI8g/yIOzoTU60HXxcKnYkxH01fZbIr211D+OCow2Ptbzf0G5X0wmXWZUXQXpb35j39zsBhddC7YxVPt9lYOOkTA+pnr4k66/397Z/vbNpLkYdmRxhRhbzTyJAzZiWkZNGmJjChmLDpmFBq2qT0EpiQDli3JdgJZHmSxQLAY3M3OfNk7HO5wh/uzr6q7KcuJnN0Pd6E06t+HiBb1lsLT1VX9Ur3DOuHHS1Mys9mxyHhTUrIkHxxgDPjF2CIrOu0Z/APXpT4QhwbGWcip20ObsHUxDqvK8e1LU9ZfobVpc39+LwqcwWAnkwBYIKa0hXXyIaGlZcmxIs/eYUGnxtbJMVj7QLYJsSXIS+jMp2GAtR21UgqNl5AEPzDoz5ZjQQaiTNrkS6PMEn9sdvI7DqB7kpfVATt5RrOIQhNgaJQV1gkjgCwqwcXh1t+a0C2ch6bpnKd2RNfqYeH1+lcJnCH+Eg/oWVIun4uIslU8KWlarGqyR8hejvY3LV2HmOdAwqXSWKwW59t/JcRzoLlrjknMsETjnRdf9qJ8SX6dErjObDLFKDPFX1IZgXbB0CZzvuvGMQ4ASpatsKAE7cFdoCQzD1hyXKsXBL8E5+9LiuI40yfHv4HKO4WXChahfKC9z1Cwk8GlR7hk48WzTZzYhIzPd0mk0UoAlu25zNj+X7aotVsvXrDVMGDsnmf0RgEC6O65AS1NOS3eSbZl7k8QyIwy2Q/PUovMcACfcg+Yy6nHrhNDt4BzHsWEv493APKhaFymS9OQ0A0lzXloYOobaHmSwP0vivCm8Iu+opXnOIWxRi2NpcohA9FLxxZOum9vs0mng62kuWPSpzJjO6ra86KgZxjKplTSHshB7kpzJD5wojb2eE5kxvjji8Q1XqESol5Diw3iylIyCeIf+JLPbMJiQG6TILBJFHhVIzx3wnRyEKrsDlj7NScwae+JtVP5RQ9rY5UdapzP65U8zsMRDzvfCDci5nhz37VaH5mxceJJ5XvjBga89k8msU/fh58fEzzWXXWsjZcFLMXGa9NhKfKkOuxs9b9Yno2dqp3LFwwVj08+DmPVOjyiZTuZTT6emm7iAukKfYxKkEDrg9U7rZw6JSfcSCcHoSr/dK+9J3uRcMFbOj/oYeG8Jz0o5BUxK9DdWNaJ6lqGS9cksIRPN82IGvvggDoBNDamIZZRNdwKWPt9VIA4sjZt4dFEhdTaOm2WYwTr9Gj0x2lESV8Xqw/4CAA0bABQi7U4VtkaaFXHE+MwB9Er3CQ+jwGdHnWBg7Dp0BXSqeUgTPU3tL2v81oc+3Rm+HE95S1wU7SUHM1nmXYlpx/hJi9LR84UC0+Ma6GxIQnBmKfV8mVNUVTN8Qw0tq73AsgMq6HzmOYgU7rSewfVQCBYoAXCdv7I90jvP1+duSbJS/Su4fhfUc7tmtEoZkfFq5Ls2tKWLKPzY0GgYkm+rEa6dh5GjtvDsehmk/YQKVUGHKv2Nmnvz/iO9Pr+6v6MRTsZLNGLZ5EDgJubKlZm8yLThHBHVo6lI9OQtjDU2Xr0CK2tmFXd1zzzVAttKzKtEVrbsQixz7+bUpWD6rPzgiE2ecnKtFM/uLP+bPb4GwOYb1UgMFZINYhpBXLdqshasaLLfkVnWfBByzZdH8IStmXf7WEO0mviPFyKOQhXuc6GX5FBbPF/3FlfnT3+sBAPG/Uv/Jzf0qt0h9tRCU+mVuVNxSi0lA97/seP0N5lwwRrox/AAh2u4YKtrV7g2ban0urk0+Kd+wBmMv+8XnhV4KXa4eH5zPW/maRkYo5NBctOoLMSqPRYEKxUpEpVQ2YAyn9+hoXbnNNSMkHeM1wG4FIKG5I+0/L+eqFwZ+2d+sz1v5lk1B8AdA+lnBYqR9DP6Icnmo5D/jYxPdu0W39pQRbiq/S5SuGkpEHArYKxq+RToD97Fj688OhzADPljZ/WX4JZCi9f7+w3prwjfeGmuCw9Rj63qatOHMecQDrtpuxJsrqZjANu0eq9nq3iKvEAAAyjXjPAYemVVEpTfqbl+s5rNDZ4wtXuDLq/zMSof046tAaxqqmxQwhRsTCbdLTnVtSK5O+2qxLY+xHOy1vELKlhyQlGfwvd6FOzVCw6m3hM8FRv9gWAoOWVjXq9vtGYxfaIwhX52R9xHli3lPjWGY04gFiZUs/lZH8LJ4bYTAiODWBrHS/QgBgQXKCDZWFSOSb4c9U2uvV6d8aG+u+UVOaQc3qVRHE8CgcxRIHmER6HZihrOd9/9D8HkKCoH3EJsC9p+q4eVknvPLAiaPFNnPukAff0KmTTAJx1PaZH2IL/y1uGeuvElst9IJYpOZH9HM6PU/wOcBoEQ0C+HMsygiY4QAQw5SR4bsQWwyCAkWk4PdcjVuy4ewqu/FCqbg73Iyl7leK29NH3XB3LI+dl1zS9QY/YYG2cfC+Fq9nsAwH3XAKIncIT7IKLxZFVdcMwTjwgjg5U9NbBkXEs4SCML7sGHuPAV0Sf9tD/Wa6Dq1GzqSbB86IsK5CKdXi21YgQ81V4G0ubrCJ3EZzgYUsnpvHaqFZ81SI2ronWSvqzXSc4CaGte6Z7zgCcvvtmHgGkW/WXdJwI0YLow/GIx4D0mCScGLF83fDUgwNpr+XjUXLa3bY4ALDnRU4pKKZ0Rty8CYccstl1XIyVi72qbanM2nhcJhj7mBDvyHVDF3IRw2/pii7JzomjSarjHmPAY1TdEl/5NnXQfw4BpPsEM6tGMZfX4tDQY56GxLgzH9emHunYDeNotNKSfYmW0KYAuoR2wRiWBKmPwsyJaqs/Qsb3zshv5bSgWtUHDjW2Fn4w6JIsRVFaa49ylWJxz5U+5g1iu1Vil0ojl2AX3AzCpgMB94OzTvMIID0xfUmFvEwNe64DUWBwFKuxZhNaJhqL5rPsAxMQX60ajlbiGwVtDmAyDDiredbsaIVOBb84LlTykW1a6i20eTfGMuQkhJQPC/f6OeCusLUF4aDm2XZkGRbEOH8iphkGaG3HYcuhpwbccwggnQqmNWPliBjxyBmcuy62SmVPlRUXnCDbFCz7bGv6plRixWGcnqJgDEgBnL5PX+hz0SIA2WKVVLEIL7Z217TACZ68crUjYrGmjtsypQPobZTKNh4WLOG+dPdV1KTmdlgh0PrvBcDksEyISXqQT6AGPCzBDXDQLeiSz/nzsUAbPTAYADy/VZ3mJIDf/oCQ+dMSBTBvWZ7lgesbgbGZtTclTd1VZf3QqPh65Lpoc4soWzIelI5r36TtAdq613N4cd7fC4ArGBYvb6o5OYB4BPC7HQzGaTDWJ7GMip8c5CrruEJXcyPcEOw6dBSw57mzMww466JjXkuG/r0aDOJbxxnFGHHH9EwWLI7gmbbuy8Xv6UJMfRePx+wR24mtKrc27kjKQx7zZHrGN48APq8BgIWjnBoEzgAAjONbdTwUjTs0N+WkOAISeWqdalgQ0KmSHgcwOte+PDpZaJpwIiSzb+pb8SiIglsnCJG/25NTXppN3S5qLTn3T3ThGx2tPjk17DDGOkbU2r/S41geGgacRwDpRMgTaHFBMIqqQexY0W084ABqaijxkpUyq5ajWcTT3mOZ8tByWQgIDCroRb91deg5FFv8uyTlj34d9YgZxDYxoMVbhAw0LEJmaXRXCFi8FVaAwMg0jZIE1g49wwpoDhIE9hs6DDj1C+YQQLo840kuNwAH2LOCkWOQKE5coBxaWCgL0Gv50iGWC5RUfcBPrxjgWhiwSa/ZK2Cb/F4MA/49lekxNd9tKYR4gWFQz+ZpISHERQCrBkQ4eIIw9MXEHMiSs7sblugm7EolDCAJAXsH9tuHF5/PIYB1tj5Io4U2Rji8rIROsiCGFY3VlCNol9IhmAfLImi8RC+OQ9NuIRSjMP+g6OLf5ac+LuobQQh4Gxy/cuPQ8LyQF6PVZJdEMu4HA2urUjGvsTF/avCQIqivPLz4fA4BZPXqZKcZcDkYHI/7YJwO0Soqdr+bRVYf9f15Mg8SBJHXCzzTeyxGYf4hrbC1l1ozsnrM2AMV4m4VS8Ngh4NRNp6UBhfbjMfSxLqPyKz2oip5t/JwwD1/AJYf49zQDznVGQwcTiCte0VPYmCntI4PT8eKCZpqhWOTBAaxm5ZNARSjMH9fPz4GYy8/1W4h8ZiwtsOO/mFnw9G6oBj24IrMEla/S6wN/bXpVasFAPCheff5A5CrjIaBWPDJkx9++A719NGjtbW1XC6f5wUTeHlo9dyxXLoUEDrfT798sqJPzeZXhuaFpihLtcyt/RTErJ0v5pOjCngZxpJlRwy/5i+/fPIOrU9uiKUBH5p3n1sAv6oyNRcwhvZCc62t4alK4A4H0IP89luA1aEFgP83YsbGoslPKJw/LK19X/zvzT9TY28PBr85T78ScP8+AfyaaEvGIamyyIH/3/Wv1NqIXvYBay8egEIzJQGgUKoSAAqlKgGgUKoSAAqlKgGgUKoSAAqlKgGgUKoSAAqlKgGgUKoSAAqlKgGgUKoSAAqlKgGgUKoSAAqlKgGgUKoSAAqlKgGgUKoSAAqlqsUFsHx1fYG6HtbS/imLrMUFsHZGuDo33bR/zOJKAIg6m80DURZBCw7gh06njQRep/1rFlaLDWCnlsk0LgHAm7R/zcJqwQH8L7jo33nAcvfqqp90x3DdxX/7d/1zH576YoN/7QreVGPvv3sBXjbwX34L1Zh4P1z3y+MvxVf2F7JW12IDeIaPN4S0KWPli3c0J7mmf9U6hFx2r6GHbl8wNOo3ePvd1b2PWbno4LOXtUzmP97QsPLnIb68C1cXXfSuHf6Gq8sq3r7A6+4NvuvspzL/omvww+2FDEQXG0ByeXMDD+9oFlx7N06L+/x+mz8xxPvD5PYkgf3kJSuZzGXygrdwows3qvxv/LjMRfLhAF0/ufMmw0m/JgLABdNdFnxJ+Sujf7tuNK6wa27w+2eNBoJzCdBcIS8rjRt2lwsx6wy7je4QnrtsD1caXXSsNXaH3DRWbniEOaS+sNHYf1vOdKv4pbVhm8Jc63AyBYALpTsA2x3sY5GYf8EbV6yfrHEQy+wR/8RIsXw56QLhj3afX5e7NXyAz2nvs49DbhvssdGZIOyapT/4CLcogJeNcu1b/c9nSgsO4NnPZ2dt5qMuEpay0BWflen9S/z7mnaiCNR1o7uCHm6cMyNWlxO5Q2OlP7xo0y4bX4/hHgJ71qAOcJh88yX6xsYGelNwlggg+szF1GIDiPFY5grzjG5m3LdSZLJjAMvXNOzbT4I9MsFcQhn/6zp5wZDdSjwmRHcXSSgI+s+Jj+owABd3GEgAmEH0AJn7AH7hAa+mAkgmAKzjK85uLtv3AKyNAWx3J9417v4bAsC0f0JKGgOIwAEy1wkiZXbjHoBXmTqmKN0+1ThbQMrG7CC3/Rrtlod3AC4zAIcTHpB23OyT+t2yADDtn5CSkpmQ8pANrVwl3qx/l4RMAJgAdU+U1ZW7zxvytw+/ABCffVfj77pJfC97owBwIUWTkHanU+WdKk1Gh9lyn4N5D8A6e7huLGdr/as7eOjgSr9cbvSXs2c0l+12pgJIB3nedcvlLrx7SMd+stks/SgB4GLq3moY7Hs3EJ02BnLtZCB6IgakwRy7P0nLG/4kMMZTkDaPATvMoSKA1WRYEW+eLbO8Bq7b5N9qfCbk2///Z0QLDGBnnInesKCudk2f6rCBaTo6ghc3hI388dvk7N5c3FvG8WWNzukBSjg38pZlGjQLxvv4+bULhuA1+k92TTr4R63NSV9ILS6A5asLpuHdDEQNnrtq3N3fx4suvKYxvn1R/6zce63/lj9Z7v900YeY8uLf4eXLw4sLCvI+fAPrs/Gpi2QFQh2ur2rJF/Uzi6rFBVBoJiQAFEpVAkChVCUAFEpVAkChVCUAFEpVAkChVCUAFEpVAkChVCUAFEpVAkChVCUAFEpVAkChVCUAFEpVAkChVCUAFEpVAkChVCUAFEpVAkChVCUAFEpVf8j89Q9CQqnpr/8Lz1pxGnDJvM0AAAAASUVORK5CYII=\" /></p>\r\n<p>DNA được chia th&agrave;nh c&aacute;c đơn vị gọi l&agrave; gen. C&aacute;c gen mang c&ocirc;ng thức tạo ra protein, c&aacute;c ph&acirc;n tử quyết định tất cả c&aacute;c chức năng của tế b&agrave;o. Một số gen chứa c&aacute;c chỉ dẫn để kiểm so&aacute;t thời điểm tế b&agrave;o của ch&uacute;ng ta ph&aacute;t triển v&agrave; ph&acirc;n chia.</p>\r\n<p>C&aacute;c gen th&uacute;c đẩy sự ph&acirc;n chia tế b&agrave;o được gọi l&agrave; gen sinh ung thư.</p>\r\n<p>C&aacute;c gen l&agrave;m chậm qu&aacute; tr&igrave;nh ph&acirc;n chia tế b&agrave;o hoặc l&agrave;m cho tế b&agrave;o chết đ&uacute;ng l&uacute;c được gọi l&agrave; gen ức chế khối u.</p>\r\n<p>Ung thư c&oacute; thể do đột biến DNA (khiếm khuyết) k&iacute;ch hoạt c&aacute;c gen sinh ung thư hoặc l&agrave;m bất hoạt c&aacute;c gen ức chế khối u. Một số người bị ung thư c&oacute; đột biến DNA m&agrave; họ được thừa hưởng từ cha mẹ. Những đột biến n&agrave;y l&agrave;m tăng nguy cơ mắc bệnh.</p>\r\n<p>C&aacute;c đột biến DNA g&acirc;y ra một số dạng ung thư xương di truyền đ&atilde; được biết đến. Trong nhiều trường hợp, x&eacute;t nghiệm di truyền c&oacute; thể được sử dụng để xem liệu ai đ&oacute; c&oacute; một trong những đột biến n&agrave;y hay kh&ocirc;ng.</p>\r\n<p>Hầu hết c&aacute;c bệnh ung thư xương kh&ocirc;ng phải do đột biến DNA di truyền. Ch&uacute;ng l&agrave; kết quả của những đột biến trong suốt cuộc đời của một người. Những đột biến n&agrave;y c&oacute; thể l&agrave; do tiếp x&uacute;c với bức xạ hoặc h&oacute;a chất g&acirc;y ung thư, nhưng hầu hết ch&uacute;ng xảy ra m&agrave; kh&ocirc;ng c&oacute; l&yacute; do r&otilde; r&agrave;ng. Những đột biến n&agrave;y chỉ hiện diện trong c&aacute;c tế b&agrave;o ung thư, v&igrave; vậy ch&uacute;ng kh&ocirc;ng thể truyền sang con của người đ&oacute;.</p>\r\n<p>C&aacute;c nh&agrave; khoa học đang đạt được nhiều tiến bộ trong việc t&igrave;m hiểu qu&aacute; tr&igrave;nh n&agrave;y, nhưng vẫn c&ograve;n một số điểm chưa được hiểu ho&agrave;n to&agrave;n. Khi t&igrave;m hiểu th&ecirc;m, họ hy vọng sẽ t&igrave;m ra c&aacute;ch để ngăn ngừa v&agrave; điều trị ung thư xương tốt hơn.</p>\r\n<p>C&oacute; những x&eacute;t nghiệm c&oacute; thể được sử dụng để ph&aacute;t hiện sớm một số bệnh ung thư (chẳng hạn như ung thư v&uacute;, cổ tử cung, đại trực tr&agrave;ng v&agrave; da), trước khi ch&uacute;ng g&acirc;y ra c&aacute;c triệu chứng. Tuy nhi&ecirc;n, đến nay kh&ocirc;ng c&oacute; x&eacute;t nghiệm đặc biệt n&agrave;o gi&uacute;p ph&aacute;t hiện sớm ung thư xương. C&aacute;ch tốt nhất để ph&aacute;t hiện sớm bệnh ung thư n&agrave;y l&agrave; đi kh&aacute;m ngay nếu bạn c&oacute; c&aacute;c dấu hiệu v&agrave; triệu chứng của bệnh n&agrave;y.</p>\r\n</div>', '2020-11-29', '5fc136de50f9c-bo-xuong-nguoi.jpg', 41, 'Hầu hết các trường hợp mắc ung thư xương không phải do đột biến DNA di truyền. Chúng là kết quả của những đột biến trong suốt cuộc đời của một người. Nguyên nhân chính xác của hầu hết các bệnh ung thư xương không được biết đế', 4);
INSERT INTO `tin_tuc` (`id`, `tieu_de`, `noi_dung`, `thoi_gian`, `hinh_anh`, `luot_xem`, `tom_tat`, `id_user`) VALUES
(7, 'BÀI HỌC TÌNH LỠ…GIÚP CHÚNG TA TRƯỞNG THÀNH .', '<div class=\"dt-news__sapo\">\r\n<h2>&nbsp;</h2>\r\n</div>\r\n<div class=\"dt-news__content\">\r\n<p>1. Gặp nhau l&agrave; sự khởi đầu của duy&ecirc;n phận, nhưng lựa chọn ở lại hay rời đi lại l&agrave; do quyết định của người trong cuộc. Năm ấy, đến với nhau bằng duy nhất hai chữ ch&acirc;n th&agrave;nh, th&igrave; h&ocirc;m nay, ch&uacute;ng ta chọn bu&ocirc;ng bỏ với sự cam t&acirc;m đến đau l&ograve;n.&nbsp;</p>\r\n<p><img src=\"data:image/jpeg;base64,/9j/4AAQSkZJRgABAQAAAQABAAD/2wBDAAMCAgICAgMCAgIDAwMDBAYEBAQEBAgGBgUGCQgKCgkICQkKDA8MCgsOCwkJDRENDg8QEBEQCgwSExIQEw8QEBD/2wBDAQMDAwQDBAgEBAgQCwkLEBAQEBAQEBAQEBAQEBAQEBAQEBAQEBAQEBAQEBAQEBAQEBAQEBAQEBAQEBAQEBAQEBD/wAARCAGbAlgDASIAAhEBAxEB/8QAHQAAAgIDAQEBAAAAAAAAAAAAAwQCBQEGBwAICf/EAEoQAAIBAwMCBAMFBQYDBwQABwECAwAEEQUSIQYxBxNBUSJhcQgUMoGRI0KhscEVM1LR4fBikvEWFyRTcoKiQ2OywiU0VHOTs9L/xAAbAQACAwEBAQAAAAAAAAAAAAACAwABBAUGB//EADgRAAICAQQBAwMBBgUEAgMAAAABAhEDBBIhMQUTQVEGImFxFCMyQoHwFTOhscFSkdHhQ2IHJfH/2gAMAwEAAhEDEQA/AP0RjsCCDin4LbA7YxVglqo5xU1hAHYfrRUZlYBISRzREtM/u03HGOMCmEjB7CqaCQolmFXJFZISP60+Y/hyBSNxA7E8VVFsG0oK44pdoTK3aiLbPnJHem7a2IYFhURXLMWliFAO2mzbKFpmNQo4AqTAYq7DUEa9fxOT8IOBSRsw4JYcmtoa2VxyBzSVzahBkCr7BcWjXvuWxhxTUMJXgU40IJzU44gD2FSgRdbbPdRRo7LJzim0jHHFHSMe2DVbQkJeQsffFR8xV7Ypq5iY8AUhJbOWyAcd6qiMjKS/AFZt7Lc2So/SiR2zkjIqztoQqjIFWikrBx2gAAwKjcxiNCR7U/ge1Au03Rnj0qWM2pGtXStcAxtyCc0q2nqp4HFW7wjdUjbgiroUVkNvtwabWEsO1HWED0FMRxj24qUQUSzz+7TC2gUfSm0jGRwKI0eE4Gc1W0NCB2R8cVCSXcMDFSnt3PYc0FLZ/Ud6oF2D8gyv2/0qwtrIAdhWbS2wcmrJFAHYVYUY2LrbLx2oyRgDtU8D2rNSw1FIwABWa9XqoIwVHtQ2hU+goteqFUmKTWcbL+ECqPULfyiQAK2Y88VT6rHn0o4u+BWSKrg1eSXaxAFZW5wO9eubdg+QKX2Ff8qNiAk05YGkZnYn5VOYkevFBDhmxj1qiDljkkGrq1O4gVT26le1XWnoGYAgVLoiLqztgQDtBqxRAo4FBtgqoAKPS2zTjikjNer1eqhh6sE4rxOBmkb658tSRUKboPPewwLlmH61SX3UkcedhAqk1jVHXdzWpXd/cSs2w4CnBJOOfl78f770jJka4ErI5OkjYdT6lZ8kyYPb3rW7rU5p8uGJ9ceuKodS6g0jS4xc6jqcUUTOY1Ytnc4Gdo7YOMnHsCc8VrC+Nvh7bhZ3um+7qzBppZAiZVgn4z+zOWYAAMSTwAfXNKV+1m3Fp8k1zx+rNwnuyzH4iaApaRsgk/0rXbrxW6Tubow6TEszqMN58giXzM48tRgksCMbSPxEIcEit/03Tk1O28yOS2GOAfvQdTjuuSFxjjgDcNw9CM1TaTaZPRlFtbkVGw7Txn07+tDKkH2qxvbNrWXynRoyxIVWAzwSMH2PA9v802XJ7HPsRjn2qd8ozZoy6BEYHuP40vKN2cijsCCRj8qGUJPIo4ptmNz4oQkj5zigtEPSn5YuCcUER44IrXDG0LbsWWLB7UdMAV50x2obEjt/CtMeASTMB7VASkcGh7iT3rNEEHWYk4rLsSOKEo59jRSwAq6IKzKx9KVdQAc4zTruMdqQuSccfpQsJCFygPGM1SX8OKvpEIBPpjNVd3FuyT3oS0azcxEkkV6nbqAAn616hYVH2rgAUEuA3pWZpMCl48s/JzUSscORDceRT0UYA4FK24Ht2p1Tgc1TtBJE9oqLRK3OKkMkZqVCNpABbL7VNYgvaiV6oSkeqLelSrB7VCz2RS9wNxwKMeBQZTs+KrRTFZYSq0BTk9qcfdMMAUDy/LbBHNEuRTXwHgjB5xTarxQYhtAo4PNCwoo8UBBGKG1urHtRRms1QbSYEW6jniigYrNeqESSPUG4PwUahuu44NQjKtlbO7FZ5PbFWDwKFPFIPhAcelEnYqSoCW5IxTEK7uCKTjyXJP1qwtwO+KKqKQ1EmBxRNoqKHAxUhyMj2oGMikReJW9O9Q+7L7UevVQW1EFjC9qnXq9ULSo9Xq9XqhD1er1eqEPV6vV6oQwaQvo8irClLkAqc+1FHsCfRrlzB8R4qvnjA+lW94wXNVEhLtjHemPkysrp0POBxQI423jK81cfdcgkrQWtwrdsc1CmiEGUAJq0srlVI5qrchPWgi9CPwc0uTol0b3aXSsoOafRwwrTbDUwMDdVzDqkePxUO5MfCdF5WKQTU4yOTUjqMePxfxqDd6GpZAq8Gtd1e6IyoGc8j+tFvNUAPBzk9hyfy9/pXHvF7xosuidKuXs5lW8a0eaCff67goKEe3xZP+mSitzpCZPc6QDxO8TNM6QSWMFLi5VhHKHfZHDIScIxGTu45AyRkZxkV81dZeOmrX3mS/e3htDMRBZxqCZeRteQr3G9SAv7zAjBzg8o8XPGCTVpptGV/Nj84/dwoBV90u7Jwe+QD6nke+a5D1T1eEke0ttqraoU3hdodsYYBR+EDDHg8sS3tttY43yPg/TX2m+dUeMN7q92tut1JMQX3Tv8b+WcZRFA2lSAuEAwF2kZIJqit+upLZx1FqN+l5eSSGPTbUOAkLSNgtuIAVyfxMONpwOAMcra+nf4ZXKbiFkZWHxAEsSSOc5OADwOSBjGDWTy6jqcd7qHmLDGcQW6x+ZJKcfhVPQds7sKRhfUBie1FJyfJ3Dp7xFi0LVrfVbpZblGuTcpaeb5e4b/ANnC3GfhjG3JxsYuSCygJ3jwU8VOrWvdLkutXumiiCSzRRtva5nVFVtqkcRhs4BHBfaQG+A/Jmi6tpGi6iLq3sobq9BJX70VnMY7ZYECNF7BQFLgj8WTxsNx4oaxqWmmK41SS36eiffJsIi+9EArshC4EcW4kM64LbdqjAYoMk5cUqGRcY8yZ+p9n1d0p1rp6tdXq6JqXAZp4WEbYUHMe4gFfiAJBIzkZJAwprPSeo6PbQ3s585JixJjRtqHgDJI4Jz64Oc/WvgPw+8VJem7SDWdYt0srG3Mb2mm2wWN0RUJgjIUbYnZQoSMD9jCpIKjKx/SPhb9pbUbXpK61/qy+trqK+uo7W3tNwYSTSOWkjVe4Xy/NYFs5ONx4ICZadAzrIqOqrEJPgP4vQ+/y/370PYB3py113orXLO0kt5ja6jc24nlt4pl2RNhxwrZLBmXGMjtnIyc51OwntnJmOSSAZPRgR+Lv37Z+ufXJVGXoupGXJpptbkVkiKR2pVwFpiRjyOxoDjK9uRWqORS6M22uwLHNCYA8VNsjjFQ2nvTESgRQH0x868sdHWLNGWIY5FMRViYBHFTwSKPJAFGQKHgj0qmyxeReP8AKkZ0Oe3btVhMcDFITHnOM0DCQswGMYpK5hLZ4OasVQk5NYe3z6VKLNZurORgSFr1bIbNGHIr1XtLs+kpZQec8GvRNkgUgJi3GaZgOCDQodZc23Pc08oGMVWW06gck80+koI4NDIYg44FZqAkGcV7f7UAxNE69UVYnvUqhZ6otzxUqDM+zn2qFN0ZOQcGvGPfwaHFL5zZo+MCoTsVeQQHgd68sfnfH70SWJZDzU4UCLirsGiKR7eKKoAOaw3PasZIFRuy6phK9QxIPWs7yTxVF2iderA5rNQs9WMVmvVCA5OeKUnt8IWp4gHmg3RAiNWgWilU4kx8/arG25HNVW4CUmrC2nXAyTzTH0KRYheKJQElBxzRBIO1LYyLROvVAv7VlST3qgrRKvV6vVCz1er1eqEPV6vV6oQ9Xq9XqhDFLXA4PemqXmGeeatFS6KG8TJPypSK0y+4irWaEs5IBrEVqQeRim2ZXFtirW6hex7VU3xEWa2O4QImK1jWiFyRmrXIM1tKa8vsZXJqnm1B1fhqxfzneeeKr3fNLnC0J3WW9vrDDgmrW21ljj4605SytwasIJdoBzWVxlHsvcbjHqzY/Eaxc6y0agAsWbgAd/8Af+Va9HeqiF3Y4UEnHoAK5V49eK7+G/R8mrqIZb67XyrSKVgVQl1DSGPjeE3J2OSZB2GaDc75NOCDyM37qTxK6W0JJLjUddhnuIQwdYrlfJh7EiX4toO3IXfye3JFfHH2mfFjTOr4YpdIubuTy2/arbOrRKB3Y5yrliq8qBgIuDtwo5rd+LKM95e3VzrGpX1wFYXc8ixoko3b2TYNyjByihwFwikyBMVzrVOqE1PUJJ30t5lOGwqKWx32g7gfX/hPsRzl+OTXJq9OMVwVtzqja5eRXqvILjzRKyOOCwG7j1A3fP0HJ7jXdTWMTNEtyZUNx8bSNyBuO4/mAf4VcFbxbmO5ispiyOzZJ37sj/Fndjns+TxnJqp/sy9vnZo0K/EqM2TnJyvIOOQcj24z70e+itrKz74zNmFnVjg+Y/eP245GcdvY5+gNJrhtI5I7BQrsuySZzkrwRgnPoGfg993xE8YFc28lvbriCRBlvjC+3cEd92f+nPKEqLEI3ZgxVeI17k4yST757HsMZ+L0m73JRZ2svmFY54HuzK4WO3Gdr8HhwACc5yU7kcMNuEOwadfrDdJqN9frdXkGGRgMwWrAAKVx/eOAvwn8IAXaMINuktfCIOJm2JIvxJGMNInsSeQM+mMc9vShretIc3Skqg3JAAQASRy3fHbtyTgewo1MGjp+kaompFbmWUw6bCzgOfiMhZtzYznLMQCTzk8kscMeh9O9RR3mrx3s13Nb2OmxYhLSZW0iz+0dNxI8xzgDHPwgDAEgPD9MupJFW91K8SKNfhQFcL24AAOfbgZbnJJXgXZ1ue6eO009jFZqQyiZQjzMFxvYZ4GMfJFwOPx0zcVR9R+HvjBqcfUK3NvMyGV4h5asEjiiDBkLBiAi4iKqTnGScKBur656f8VdJ6rgttMmmEN/qBK2y8nf5CKCCi44YbTxgDK/4sV+YWi6rNptvHFp7xxySusr3U5Cm5kAbJIbBdBhVVTj4j8WEZ67t4S9XzXupW00eqeYXdFKKXkchT+0cbVIcg9sZyTtOABjNqccZRbZq082pJLtn3JqGkSWkqI80TMyb2ALYBAGVyfb+h9eKQkhKM8UiEOhKsCMEEcGmbK8a+hmaeFjLdymWCaJP2eXVDgZP4d28ZPrk9wcCZQi7XYmVDtYn94+rfnkGs+myKSTXRm12BY5v5E3h5J5oW0A4zTsgHpxQCvNdBHMsioHfGamM549KyRxxUWbFEQzIRilmweOam0hYEEmoAjPrVWWkBmT4c+9IyIATkZqzlbIxSMy5NSggSIACcVMRA84rKDkDJplVGMetEkWgBiAFepgREnmvUxRLujsyd/Wjh9o9hWI4jRDCTWcaGgnJarKCViM1WwQkd/SrGHC/vVGHEcjbtk0XcPelfNA7NWRL67qEK0MqfnRQwPrSiyE+uaLEM96FoJOg9CmjEg5oteqhgvDB5Zo57V7FYce1QpKiG3PesBtvFEC8d6gwAOKhOiDzKD3rwkB9aXlQgkg4rCuFGC3NFQLkNZBr2R6GlvOHbJqSy57tUAuxtG9Cal37UspJxTC8DNU1QyLPHvWSRjvWO9YYe1UESHalb8kRnHtTI7UpfcxkZq12U+jX5JCrkk0a3nOc0KWElzRbeHBB9qYZl2WcMrEZNNI3uaTiIX96jeaByGoWMsZLD3rKn50sJfTdUw+7nvVNET+BsEHtWaDEMijUI1O0er1er1Qs9UWbH1rJOKFI2RUKbPGX9KwJR3yaA7EDPb51DzDn2oqA3MeElBlbJ70NZB33VhnH+LFRKiN2e8vmvFVUd6x5gPbuKjI/BGasoVvHGMVqetMTuwa2W6cvn+Fa1qi5J5o48GfJyaZflgzc1Ws7enarjUE5Y1TTZU4zR9mWXZlZdvv7UxHIw5zzSAYn8qbt8nv60qcN3ZExh2eVPLDFdxGTjsMivi/7fvUt3p9/wBK6ZJazR2zNciJiWUyBFgLg5/GDvhIwfhw4I+Lj7TKOyAxyiJzwrFd3OPbIz29xXzh9ob7Ot/4ydXDWrrrextY9CinS2tfuBleV/IhkxK6vmENyQdhAUofwrtGKUF6lWdbRxk8dpd9HyB0R0L1F1xK96YTsYlmkcE/kM/l27V2HS/Ai9CoHmwMcqqd/wA+B/Guz+GfhlLb6DZDS9IuTavsjSZYHKMzMEGXxgZYgcnuR6kVveiafp91CfubrKse3JHIOVDDB9eCD+dcvLqc7dpUj0WDSYIJRlzI+dY/AyWKTzYrXnsGUnn6gfTHHvSd/wCEYhMkj6LuDMGbY3w5AwcB1GCQB+ePy+r4NHib8SD4TjGOKFf6BayphYUJ9Bt/370MdRkfbHS0uP2R8IdaeE8weKa0tHVFiSJWKgsxBYlmC5JJz3/I4OM8z1Hwxmhuf/E3MdtAoDI0hIErMxAwp5xxnJHc/Ov0B6k6GjaBi0Kug7hh3JHGPUnjGK4Z1z0RBbMwnt45HTeQCRgg4DKcHB9zg7sjPfBOzDqW3tkYM+ijW6J8lSdKzx3kohWRnRwvmHJLPjJHyOMjJxz2yKSuNPuNJiS5ishM8q71dudx98Hn1+n1rp/VNjqH3RIpYY08mXCsgwjMXGW4xwdx+mD65pWz1pRaCG5j37NjzZAPw5XIGe/GOMfL0NdBW+TlONOmcvkkmklM987yyKMEbggUeqjJ9Oe3z49aYg1K5D+XHZRQBV3ktyPkTnlj6gn5jitv1PR7PUbNbgWa28qIruVXPJAOMZ9znsMfOtWe0vIFjkQ7Qctzg5HOeBgemOPmCeKJSYDRe6HBJfXImnnM7scEyudrex92zn0Pv25r6G8DGSx1+DWLq3NxBZATtACB5pU/EgIBGOMcDGAQOMivn3RVgs2tZ7u8thHds0ccZuF8xGXBYEAgngggqNrZwGDBgvadJ6ig6ZWKPTEivtRuCi28SSbWkXsgCAE/iU7SqkBkDZUDJXqG543CPuaNLthkU5ex+gfhzqS6/p8PTOpzltZt0lw6sAJEjcA4LHj4mC84+KNTjBNWcwLYhkkV2TKq6jjIxuVSRll54PHOcAZrknhb1Vb6tcnqfS2kS80a5kWewnKRXBiiYlihORjuJPixgBiQqmQ9d1Lct28zq6FiXXA+FcnIQH5Kye3GMDBFc/RxnCXpv+g7yDi4vIv6irggA+h7H3oBbn1ptyGy67drjLKOQD+nH5dgce9LPH3xXdStHnZJJkM57nioMSe+KwSQcA17v371CJAyMA0Ld+tGcCgFfizVUWYZiRxQmUmjFT7V4IMZFWiAUXaQaPGpzXgnpR0XjimxRDKkYr1eIwDXqMh2pO1MRjNKxk9zTUQJ71lRqT5JA7D65rIlb0r23PesbcGoU2EVjng+nNGjBz3zS8QBbFPRpgDNC2RK2EjBPB5plBihIuBRl+lCx0VyTr1er1CMPVByanUJCAtQhJTkVA/i5rMbZFQlfDcVCiNyPgyBVU7tu74q2lJZKqZhhzxRxFZCalj3btTKA0GBAeabjTmrbAivcJGBjtU2JxjNeUYqW3IoGOj0eTPrWSRQy4QEGhSXQAOKlF3XZOaXyx3qtuJy+QDWZpXkPelWJzk0cYgSlZkDOfWshtnqc15AfeslM96PoA8JW7VNWOTzxQsYNFhAZsUIAeMHtmmowTjIoaR44phFwO1CMiqCpwP6VOoLU6AdHo9Xq9WM4zULBSMc96ExJ9KzKwzUM4BORmiQpuyDEjn0zQi2Ae1TZgRtNCcgAk1YLI+cM1FrgA/Cc0tJMAcen1pdrhff+NWkL3ND33ls4OKy1wSuKrfvSj1FYa8XHf8AjRUTeMSvkHNUeo5bPNPSXakYzVdeTKwParSAkzWNSXDHiqWZMmr/AFABiTmqWUHcQBTYozS7F44AT2xzT1vBj0qEIUnmn4ygHFXtsopus9YTpbpDV+onaNBpdlNe5kztBjjZgeByeOB6kgetcZ8JfEnqPqS31LWOqLOKyh1fWjqunIVV2iha0gt1MuFILBYAQVAGHOefiNv9pnV5NVsumvCWykkE3V+phr0xEApp1oBPcE/4ST5Kr7liPkW9G0JEjCRxxxIoAURjAUfT0rg+TzPBkXprn3PSeG0yy4259exf/wDehZ9OdPt0howM3UESx6fDH/ZxRYcZ2zOCPLiUfA+WJBbZlQpJVLojT200XFhLq0N5LHJ+2kFx5ryykDc28nDZ4/u+BzwuMA9p09aRPPM0PmPcuZJmkJYu2AMnPfgAVaWsH3COMW0KII3RlA3KVwwOVKEMp4PKkNzwa5UdRLI1HL0dv9i9JvJF3KhsyRq6hB8LgDeRgZzjb9f86J903fET37k/7+v60G8Y6zqR1T7olum7zFhUkiPAwAWIy+T8Xocg8hSVJNGmji1OebUr2O5uEtnNtp5ZWDxNKSZWjC5JURqigbsZYsSX40tYt32PgBzyRit65ZX6pYxyxGFwAGPI7Z5/nXN+tOm4JNPmDqjxdkRhlQf8X17nP6YrpPW2p6PoMen6bZaYNNXWBcTzpp1tBE91dK8XlGbC7gpMjuSM7gpBOQDVSdLi1y02XExQREGYbckjB4B7BshRzjGQeThWa9NOXEOWLx6mLTc1VHxR4jaY+kTs/wAI2jdkgDAPG32xkY59v15RamK4zboqblm24ZckNnPI992foM578/RHjto09nPcWpt5UU3SeQ8oAZ4WICHjup7ZHBOcV8vdQTvpmtyXcW5FcYkKklXB7E/njB9z88jfgnKK2z7RzNXCO7dHo2fVDFbWKOryCadSk7OBktlhk44JIyfl6ZHJ00WkTswl3y7Tlir/ABhSM5I9cD+HqOa3CPUF1bTLYXbMpjAaKRF/ChGHUj19R8+PetL1o3ej6kZg7LMGMbYPdx+HBHHxFc598+laeGY2X+j2kVjY39xpzNciKNLv7qmA/mK4USPnlkVJJiSOQSORyaamaaWyttUlvktZkfNtK8GPIJBwA8YK4OCVyAo8tuSquK1LTXvrySPW9Curu1ltWd99m+17aYoQjIQQU+IjABAzwuc5h7J4ZeFHXPVmjJJJ0Rem1v3kt41tYZPuV1I0e4TIVUtGCYlZ1ChJY1BgaO5jtvMXKTjfwHGO5cF34DeKGvdH3FvFrPlz6fCfu9wkZcP8beWk0TkbVdJQgVlzGCcMAGY198dNdZ6J1fYxXGl6mt1bPErW842BZVUKpIVScAHKn03Bh8JUoPzi6fu9Z6H6rbqfTbJrrRs/e76zuLffZ31szOhtbxJE2oxPmQncrbCxkX4MPX3n4N9I+H1zoSeI/hfqt/JoWrM0UunXMhuH0+eNFQwmQuTkFFKncVYHcp2FQM2dyi1KCH4VCUZRyP2OhkYU45HehNz8NGCNgEAgfL0NZaNfmG9scEf0/wB9q6cJWjhSgIuhB5HH0obD2FOSR8Ypdkz2o2wULsOPTmoEY9qK4x2oLc9qosxnH/SsrnivDmpqmTgCrRDIGeccUUDjj+AryxfIUdYvh5pqIJuSM16izQ98V6iIdmiHzphGOQKWiYEYAzTEfNZDSNRgNWJU54FSiI7EUYoG5AB+tRsKrQvEhDZp6M9higrHg9qKCFPbj60LdlxVDKHFTHfNARs0Yf65oWGuwlYJxXtwx3oUj1QbdBA2aHO+BitQ1vri9m12Tonoeyh1HW4Y1kv7icsLLSY3GUacry8jDlIEIZgMs0akPSjeGS6wfO606v6g1qZ+Wihv5dOtEPqEhtWTK+wlaRh/iPemKFcyN60cccVPVT2Jq0quTT6dcJJ9rc1a5Vo3qEkDJoEzZfitEvfAnw2ubZ44rLVrGQg7Li012+hliOPxKwl7j55HuDXyR1P9pXr/AMMuptY6Y6C8SLrrXpOznitG17U9MF5Np0jlsrHOGRblgEba0h2uUbaMDcW4sHrXsfP5/tne8J9KS+ppTxeKy3OFNqcXFU3XEouav8Om/wCW3wffOcRc+1VU6lpDitG6R6C6U6m6bseoJutOpuqv7Ut0uU1STXLu3EqsoIaOGB444R/wqgI7Ekg1fdGdI6p0ja3em3vV+p6/bNOZLJtSKyXFtER/dNMPilAPIZ/i5wSaXtUb5PPavS6fEpxjle+LqnFxv2ddvj/7KLr88GxQcLzTae1LqNo4H8aIj+1Cc5KhkEEVNe1CXkA0QEDuaFhxAXI4JFVcpbdirafBXiqyX8R4oogTB78YBAqLHPpXmGRWFz60QBheDTEa7vnQsexosJHbFQiISIQeBUoFKt29aOUDc4FZRMHt3qrJtYaMjOPajqflSyttP+tGRs45qgwy98/1qdDHHfjFT3L70A1dHiccmgySgA9sV6WTFJTT4JzRJAykSlkyeaE0uBzQHnJJIoEk2AaKhLkHlvFUcUjNqAHc0nd3JUHnHtVNNdOScmrSFymWtxf57GknvGOeaS84t3Oa9vzRpC2xlrpu+aGbsjuaXd8dqVkm5xiioq2WBvMil5ZywPOaV8zPapscjGKYkimxa4+L0FVlwOTxVnKmRx9KSmgJycZo0LbK9ZSppuObI5pSSIg8V5CUAzgD3Pp86ZtVA83R88+KMPU3UXW2sdbdNbpZNJhGh2MsQxIIY9sl0inOCDdF1JHP7AKe2KvPCzxOteobYabrIW31KElGypVZcE8jPrx+tVGueNHRHTmoxabFLHNdXbS3EkNjmfM7t5krALk4Lu7egAJ7cZQTS+mOuJJOouktQS3vw+JoUdSGcEZDAEhG+n5j1rxWqzSyzk5ri+Ge90eGOHFFQauuT6AtWVwBgc802YVGGPatM6Hu7+bSzHqAkE0EnlneecelbUbnCneSdtYEdH+JWOxxjaSAMfStX1Dp5rjqex1yaWSOOxckC1nkhnkUhgULqcBcPyMHJA7diveeLHSmiK7X98QiMQzBCRkHB9KWj8aegr0N5N+SynGNhBP606EHLlGbKovifJPp3o2bTYb2TVb5r19RuRdTiaOOQs67cfGV3j8CE4IBK5I5NWcuo6hptuLW0s7cx7iSzqWwM5AH+HBHBHbJ+oUsvErozVXEEOpoHY4UOpAPPv29v1q6nZDFuQhlPatMPUw00wNuJrZtOH9dXkdz1Xf6z1nbWV5p9zCwT7/YxSiDbGdhRvJkkVg4UjAY89jwKvfBXwz8IbjwxbWOteidAmu9eSOW9je1zJCFWNltw0jTSIAxUsqNneWUlimTYeI/T8eq6VOh25ZSORkfL8q+EevdS6h6Wsb7oqPW9Tt9JaZ5PuK3Ui2xDnLAxgheex45GQfXOjDPJqJu3yc7WYoYmp1x8HS9a6Y8KetfF2bofpD/APhtro1y638liI4ba7la3keOKEorxRFmj2N8Gf2LkB3JeqDxq8HdG6N6WMsVt1DdaxFqKwXMclri1tbJopPKuYsIAnmywswWXaHaOUKAVDVwTpfrjW+itad9Cv3tre4lglliVVw7RMWQjIypUsxBHuw7Gto6z8c/EHxZ6hu2671+a4lkQQ2zqFjeFFwY1WRQDtzvJB+HdJIQF3sD1Etir2OduTR9VfZp+zL4I6r4dwdT63ZarqmsaisxnSS9lii8iQqY4vKTb5kZjETAEEt5jAkjaF6x03rnRvh5qsHR/WWrWhOlyu7T6nfrEksRmkEYDvIu+bau5kxjCbgixFVr5S+z19qmx8KendXtOrtJl1G8tVtLfSWtp2S52RFhIvlSJJETuOTuZd3xcFgis70bpl/4zWvVEN31BBqmp9Yy3uv6XfRWqJNNfCYSvakAf+Gld1iQoCwUTERecJ2a2Q8jw/fP+0Nx1ljsijqnWnTvT32mOp9c0zoq/wBL0vV4ZBLp9vdKIbXUrxolV7pCFV/Mlk3xMJQxIFucuVWMtfZfufFHwZ6//wC6rXtB1u2sNXcNdWt1C4C3Q2ZuYjwph7JuUndw5IyFHIfCq81ix1+3QTXVhfWsyQvKypGwjYYVZBKDFyAQWZexOWVVdq/R7ojqew8T7WLT+oZoBqmlvmK4RNnmFG+Hu3mRSqyyRzW8gDxyxOpXCq8iMs/ucG+H1/f+w6EaUciXXf8AfuTmRkmmgZAgBOBv34GfhOeSRj/ZoUkQViOCR6irfVbW9s75hc+Y8BBlikJBjlGPQj6YOee31NXKu1vicNwMH5f0+ldLFI4eeCXKE5EzSzgVYOoYUpIo9aemZhGVc0vjJp50B54pfyhv5o6BbIpHk8UykHbFSijxzjFORQ/IUaRSYERYxgc1LyyByKbEOPSoyRgDtRhor7jAXkV6sXjBQRXqPaVZ1i2ftT8Z5Gar7cgYpyN6xGlMeiXdTCjHfvSUc2Oxo8cobGTVNBpoOScZx3/hUd3pmvAk8k1jsaEIPG2OaKH/AEpQSYPBqXmHHBNQgyZMf9a1zr3qk9HdI6p1Ilsbmeztyba3/wDPuGISGL/3SMi/+6rvzMDk1onjJdQWnQ7ahckfdrHVtHvLknssEOpW0kjH5BEYn5CigrkkbfG4o59bhxTVqUopr5TaVFfoser9MLa+GnSc0Fz1FcQ/2z1Jrl1EXjhkmYhpygwZJZXR1ijyFVIjk4RUe/k6DuWXe3iD1aLzO772t5EDn38nyvIx8vLx8q03XfFLpTwg691iTxEafS9N6ijtrjT9YFtLNBI0cXlvauYwxRlK7wCMESnnNfOv2luuuj/ENZNYt4uq7681ZLex6O055nghnUlhLfLahQ+xmKpGW+KRgQBtQ40wxSySXw/ej3HifA+Q85q8e1OGPIlJ5dikpSdOSttJqLbTipJRjBtq0723xp8WvFDrPXR9l7o+exvOoLy5NrqmtWDGON7MoGIdBnyWClvOALABcL+Mou6eIXgv0b4bfZU6n6J0+BJFtNOa/nvXjCyXV7GVcSt3wSyhQMnC4XOOTyrwz+yB0k/UPT/T/Xd9qVxrsenya1r9paXSLBaqZI1trVyFLEv+23FWGfLfaQME9N+3F1/b9PeFsXQunybtT6ruUt0hjGWFtEyvIQB7sI0x67j7U51vhjxPi7f/AJPS55aaXlPGeD+n8lw9RZMjUdqlKMucl27jti5RikoxjTTaapj7Cmt6hqXgULO8JMWk6xd2dqSP/pFY5vz+OZ6+hcljivl/TfEbSfso+DXSvh7Jpjaz13qMHnx6NbjEhuLiRmJlK5O1WbyhjJcphRgErZad/wB7PVVvcWfUXW+oXPWd4uwaR07MLTTOmPMXIe8nj+KSRAQwiZ2Z+wUrmRU5ce+csnSbPM+f8JPy3ktT5dSji0+TJNwb/nSlTml/03y5S2x5pNy4Po1jg5xiuR2Hi5r3ij1Xc9NeDcNs2iaRceTrHVV1GZbUOO8FmgIE8nu5OxRg/EGXdxzx+8Z+rPFDqhPs7+C7z38kpNrrmo2zBTNjiWIP2SJRnzGzgn4O2Qy/iwb/AMJuk+mfBXoHqfU2671SS3gsLLQ7+SyttOiaQFnYRlTM8rZBefOcyOBGAFq8enqt3b6/C+WaPEfRrw48X7XX7RnVwhLlY8fvmyL4rlKVKk21J/YfaCNgYJP1qW+qzSkvbbTbO11G9++XcNvHHPcbAnnSBQGfaOBk5OPTNS1LVrHRtPutX1W8itbKyhe4uJ5W2pFEilmZj6AAE1jrmj5tsbnshy7pV7/p78j0kmR60jMOa+Qbbxr8XftF+KsujeE99eaN0hpbASPGBC0yZ/vZ5tpaMNg4RfixwATuZRdZ+LOu6r43dOdAdB9U9Q69qGm6tHc67dWd5LDb3ZhJZ7GG3jcQrDgMrPIDzjfJhWY6lpZJ03zV/p+p7tf/AI918cqwZskY5FB5Jx5bxxSteo+FFv4tu2qT5r6+78VHt3r5k+0J4ja30tYQ9LR67qV/4hdSr930zStCvZ7aDTFkOwSfsisk8hPCmThmBYIgBU9rfX7bwv8ADGw1PxH6hQvoul28WpX8js5uLhY1V2GfidncHA7kn3oJYmop/J5/VfTuo02kwalPdLNJqEUncqrmPu1b2p0rd7bXJs+pXz6fp13fw2c15JawSTLbwAGSYqpIRAe7HGB8zXIdR8T/AB06G6ls5OtvCaHWemdSAAl6TWe9u9Ncg5SZCP2uOMsqouDwSfhql6I8RfFPxznn6m0Wf/sD4fWhcJfyQRS6jqIXIcq0oaKJFwcuFODkAsQdut+HPi94ueJ3W2p6J0F1Elt0FoN+8l31LqlvHLcPagD9mpKhMttdgSuVVsscAKXQwuN7q47/AB/7PR+N+mcuiWojrIYZ+nG8u6U7x3wo7ocLJfUY7239rXaPpro/WdU6g0SPWtV6fuNFe6d3gsroj7wkGcRmVR+B2GGKZJXcAeQa5T1F9n/qLqv7RGneLmtdZ50DRUgl07TIt/mxyxoMpz8KoXy7EZLZ24HcaI3ib4kfaQ8TZOlfCPqG96b6D0KQDVddtFCz3Zz2jcglS2CEUemXbIwo+oLJ7SNf7MgvvOlso0jkV5vMlUbfhLknOSBnJ5PelSUsD44bXXwjn6rFrvpHK545RhlzQkpY0t0sUJ1Sk5J7ZNflySfLTYyCM4zRo2AAJHegZx6VkSbc4JrOeOGw9YaTApfzDgc1kyYXk1RZiZ/hzVdI2SeeKZnfjHfNKnue9GuhcyDZ9aDK2FP+dMbTjPtS1wcA81BfRUXpJzmqpx8R/Wri5QtnBqrnTB7GrQtgOAfWsM4HaouCD2oTE/OjQJl359waWdsnj0qbNn3obj1o00QyjDIphTkfz5pNcimEbj1o0CSYAjIoEq5BGKPnd2obLk8imRoBiL2245PpSOok20DbeHkBVfl8/wDfyq6CE/umqvUYhNdgdxGuOPc8n+g/KsnktQ9Pp249vhHR8XplqdSoy6XL/ocD1roW90TryPrvSLSOVo1eN4RHy6sRuIwPxZHcgnv7kHiHVXTfiL0X1rcdc9M9M3hfVNblv7m8mlKCeJ55WFqzeaIFhZZUZpZEDI8ZYPsC19sS6cGckjIqp1HRrIowkhRgVIKkZDD2I7V5COoyQVPk9tPTY8tS6aKXpu88278hTkMucj97Hr+dX2qym2iPJVsd6X6b0r/xkt+68knn5e9S1iF7qRlUdqywg9rZrcldHKNe6Y026c+buKBy6pnAz6H8qHpfhX0dqEoNy90kjtuYCUAEn1ww/j3oniGNW0+4g03S4XWS6EjNdsriGAKB+JkGdxzhVHcjkr+KuadfWWt9Gw9L6rpPiJaiHVXuzfXlzYwzQWvliEqI1hQzElpHHxMx4HI5JbpsObK+JUZ9Rkx4IqTTdnYdT8EtCltRLoepTwXK/GN771b6/wCzVl0bfdRaO56a6mikYJlbW6PKuPRc/wAs8+nfGfn3wk+0z1HeahFpfWGmPEshREliVmRGbIAJJJBO0kAnJAODwAfp7T7+LVYUmOx0YAjP61quWN7MghOGaO+BjW0S4tGV0BBHrXxx9pLw8upPvGp2cBYruk2r34HOB65H8fqa+zryMSKQeQK494uaJ/aWnzkgbQp5Aq4N4ZKaByRWaLhI/NDUGZJRJG2Duypx2I+v5frRriUF7fVIAWHw5BxjIH4T/EfkavvEXSI9N6jvIokCxyOWRc4AyTkfLndj5cVrthdQ2wMN3G0kbPtlU91HoVHYEYJ/P613l90UzzMltbiXmq6etzHHfxMGE6jCnknjgj2bnt3PxHBxxe9BdZX/AE1cravDcGIzRXIkt5TDPFNGcxzRyAHbKgJKyABucMWjLIVNLgBtjZsjz6a/Hmxkv5BONrcfh5O0gg/hx6ZLh0mYyLFcRgTqN6bR/ernGV9+Qcjv39e40pLbIK3F7on1f4a6ppvin1PN1bpUhN591EGsWD2SQs25VV5EiR382GYkps3AiXYEeEvbgfRHTun9QdPT2V+1tNHcW0MMkV5bSPHHqFq/li3MwYf3giCKuMv+yaNmm8mORvj37OuidZ3XUsHUPSNi17Jpis11Apy7wspDDavxlWGUbHIEgBK7lYfpN0Dour6hpS3eo3lq92r7vPtyq+cGB2kleNxyGJUhGLFgEyyDk6nCpZHCHTR08Gdwgpy7Q/Pqj3xWW4OXlVQ/JwfhADEA8N9M5GRkHgVUkiPIWWMRkgAqGyAwGOPb6Vaa3apC33abEdyil5FBUcAHggfDnGTkYBz2zmqSV1JBw2f+I5J/2MV0dLcFtZxdc1J7kFOSMgd/alpRUt/YZr0h3YPr2remc6xZl9gKFxntTDAkUMKN3xd6JyoBhoVDDGM8U1GNrZ7UCL6Uyn+zUjkRaQyuzGaHOoCmsq2BmhXMgCmtMZWEkU9+cZxXqDqMvwmvUyyzrsL/AMKaVvaq+J8CmYpBgc1hGpjinFHjbBHNKo4xxxRY3yfWqCssEYYrzMPTnNLCUgcGpo5Yjn8qEu3QUZ55qYBxz3rygYyM1nGSDk1A4qiLsADitL8UNe0zQOi9Sv8AqDRbjVNGdRbapDApdks5T5c0hQcsqq5ZgOdoJ9KuOtOjOmuvdDl6e6r0xL+wldJdjMyMkinKujqQyMD2ZSD39Ca1hfDW/WEWF74pda3dgq+X91e6tomKDspuIYEue3G7zdx9WJ5puPauWzo6FaSE4Zs2RpxlbjTVxVfwyjf3d9qKXDt8pcWs/tCdReFUFp4f2cFv4mLeWjP0pqGj3azXc8A+GKO8hTLBlxtMg/EEPG4NjT/Cvojxz1frjUfEnqDw/nl6yvpCINX6kYQWGkoeN8duMyTOFyqKAqoPfuPobSvs++F+gXDXvS+maloN8yBGu9N1m8hlkAYtmT9qVlOSf7wNn1q7XoTXkl3SeLfV8sOTmFo9NCke25bQOPqGB+dafXgr2Lvu/wD0e8f1d4vT4ssfF4oxnlVZJ5IyUpc3xHG5RSf80U4xk1ytv2rXDqvSP2eelLrV+rOoLrWuodbuPvF1OUDX+tXpAVY4YV7KBtREX4I1xz3J5hpXRHUUmqax9qnx+syl5otnJfaH03v3CxjiUtCHzwHBOQuBh2LthuB3fQPDjo3pzVpNfsdJafV5RtbUr+4lvLzbjG1Zp2d1Xk/CpC89qd680rQtb6K1vTOp4pZNJuLCYXqxEh/KCEsVxzuAGR88UtZUnx79v/hHC0n1Hj0uVxwKUpZmo5cjSU9javHjinUE1xw7aSS2JUfMv2dfCOLxBfUPtF+MN5PLeatcy3NgPvj28ccK5V5XZXB8vAMaoSFEachlYYL43eP19ZDTPBHwC0qGwl1gJZwXFpCLcpHKwVBaoABGr7mxKcHHxrgFJCla+LnR/TfgPZ9W6lYa/qC29xJpPSGj9QXELRTrAiKk7Q28cUcscZxlpFkZXTCuCwatg8A/s7axc26eMHiF1BrFl11qt02o211CYjNaRSRSIQ6SxvGWdZdxUp8G2MDbhgdMmk3ky9LhL2/tH0LV5MWn1efzf1B/l4pPHgwv/L3RtRSiruONVvlSW60oyYWE9G/Y66Ft+mOmrGLqbxQ6kREjt4o2kluJmOFJVfjWBWyFQYaRh6Esy7N9nbwF1zpfVL3xb8WLn+0evNcLSN5jK/3BHHxKCPh8wj4Tt4VRsXjOegdEeEfRfRGq3XUlvBc6r1Hfkm713VZfvF9NnPAcgLGuDt2xqowFBBwK36PkCsk89pqPb7fz/wCjwXlvq2WbDl0+kk5Tz/52aXEp/wD0iv5MS+O5KrpfaSXJPJr5I8futuovHzxHg+zf4X3e2wtpd/UWoKcxZjILI23vHEcAgn4pSq8bQT9bTRedE8Jd0EildyHDDIxkH0NaR4Y+C/QPhDaXcPRumTR3GoFWvLy5naa4uCpONzHgY3HhQBznGaHDOOO5vv2MP015XReClk8hli56iC/cqk4qT/nlb/k7iqdv4qzhXi91DpP2dOg9K8BvBS2mPVnUZVBNDg3X7Q7GuHYc+dIRsTGNoBI27FBu+iugemPsm+EOr9b6vDHf9QrZiXULkZ/aTMQIrWM4JWPzGQFscn4jwAF6dZ+DPQ+l+ImoeKr2lzf9S37Erd3k3mC1TYE2QoAFUbAFyQWxkZwTlrxE6H0PxK6Sv+jOo/vAsNQVBI1vJslQo4dWUkEZDKDyCOOQRTnmi0o+z5f5Orn+qdLlxYPHtzeLJOM9VP8AnyybTku72wVqKbVvmkcG+zj0i1vFqH2mfGG/V9Z14mTT5LgEmCB/hVo0xnfIMJGijOzaq534rXOoJ+o/tW+OD9D38F3pXRXRkpkvrXdiRpAdp83HAmY7kA58tRJjJ3bvpjp/oPRdENjPPcXmq3emQLb2lxfMp8hFUqPLijVIYm2kqWRFYjgkiqKHwS6Wstc1/WNP1TW7O26ouPverabbXSxQXU3OWMioLhQSzEqsoU7mG3BIolnjucvf2/Btx/WWk/xDU+Slxm2bcMq+3ErUUscfmML2t0nJ8qPLfGvHDxAv+tNY0j7M3g1Elvb36raX15ChWBLWMlWhiI4MSCNxIV77DGOdwpfxfh/7KaR0x9kjwYITUNdAOr3CnbI0J/G0zAZ+Pa8j4ORHGFxtYCu2yeDXSi9cw9eaPe6lot7Hpg0d7fTXiit5LQEERhTGWiwFUBomQgKMEc59/wBxnR1t1hbdc9P3uqaHqUFidOlNlJEwuYmfexkaaN5PMY53SqyyHJy2STVxzY40l7c/1/IzR/VXiNHHT4sSezFGWTbJXv1DTqeV+6jxtST/AC10S6P0fSvCjp/TvCPw0tIbvV4YhLczypmK3L/jvLsqQSWIOyIEM+0KpVFZ06P09otp0/p4s7eSSeV3aa5upsGW6nb8cshAALHHYAAABVAUABDp7QdH6aszYaLZCCJnMsrFmkkmkON0kkjEvI5wMuxLH1NW/mkDvWTJPczwOv8AIy1eSUk23J7pSl/FOT938fhJuvljJbPArAz70ONtxyTmjgYXIpZzlcnZnHoefyqEjgDip+uc0KX8PBqItuhdn9TUM8+mfavP65+lAaXaduPpRimwzvweaTuGNG8wmgzLkUNlPoSfnuBSs0HsKdZMf9KPY2El9N5MZwMEknsBUT4BjcnSKCS2Oe1KSQ/L+FdIs+n7GEsZYFlJ4BdQR9cHIzR/7D0r1060P1gT/KpvHfs7fucq8nnsaPY6Pc6pdLa2iHc34mxwi+pP+/lXT/7F0hfi/suzyP8A7Cf5VO1s7OyDC0t44g7ZIQYBNRz+C1p+eWatY+HdurF9QvXmHO1Y12DGO5zk59f86tD0tothCfu+nozscBpP2hGeDjdnHHtV/Qp13Y4oHJ/I6OOK9jTde6SjjhN9pwZCq5eHuD8x7fT6Yx66kVyOa63Ngpsz6Vz3XdHbT7tnjUiCU5T/AIT3K/5f6Vow5PZmbUYkvuiiojQEruGRmqqKFym9wS7ZYn3Jq9RAPiHNVif+HMkDf/SJ59ceh/SuN59y2wl7cnc+mXHfkg+2kV0sLLlm4ArX79jcT+VD8WTjjtV3c3DXJk2vhV4J9KBZWm9gyqCW54HpXnsUlkdWeryJx6IrEljYLGowzjFKQWyuxdvU1YXZ3tiMgsBgCk45TA4W4UqpPf51tlCo2jOnYrqPTtveqA6K6nkqRkGkX6I0iX4pdJt5GxtLNGORnOPpyf1PvWzwESNlTkGrCO3yO2OKzxdvgZJUqZzW68Iujb7b986asmVBgL5S7R8wOwPrkYOatLbpyz0pBDaKyxqMKD6Vuk8Kqp+Kqe7CZJ5/Km02+Raha4Neu4M5VcitC8SrVV0C5YqcrGT2roV9Kse5txAzXP8AxGuY30K4LNjKsB+lPURE4ONs/N7xZtm/teaR1XLSv8WcnIPv+Yrn2Xx5UoYjG1W9vbPvXZ+vNFn1WS4u3iIRSfixjJHf8uAPrmuXX+mPblTjORuPBBx/p3/2cdvHJVR5nLBqTYXp13YtGDksfjVwGVsH4Gw2RkHI98Hj2PR+gurY9Cuv7M6g0uyvtPnfy/MvrZ51gbgbsIyvkHBIDAnaBgrlDzKxY2l0kqorxnhlzjg9x+fPzH5ZrpGlWi61bf2jZmSSaGLN0QoO2NeTIwBHAUZY9gAW7K2Ckl7gxb7R9U+A2t3nh/1Xa32mO9nFqkEVyJJphPbXuwFTLCyJErkKzptKEoGYN3OP0G6I6m0PW4lhS4spJ5+W8iZTuYcZ2AkKML3GOQcqvNflX4Wav1D0zd2umWtpLrGlXsn3hbMRrOoukRcfAxWSJ48jeA6O0bDY6hoph9zeHfXVx0j0lf37QXdoXtzGTNOJgWC/FLFwvw87lGeA6g4PbLFPHJzfKNEv3sVCKpnV+obi2vbiaeO1aFRO8cjkAEGNTkFcYPGXz3II5xgVqlwrQNs3Bk7xsOxHP+v8aW6K62i6mh1myvk3SWl18CKFBjQBecjJ+PbnJAzyOcGrEqySPbbNwWTaAeckfDye/IAHp6H0oNLlllTk+0+f6C9dhjikov3XAmsnaiZzjvisG3H4o+fke4/zrGD862SytHGcGuGeOWOBnHyqSQ89qyo5oyMB3J/OssskpM04tMnyzyxADjNZBCGpFxj3oE8g296kJuLsPJp0o2hjzQB3pS4l4OTn2pdrvK96VnujgnNdbDPckYo9iuoSjBP869VfqFx8JGa9WgYdnim+dMxyH0NU1vc5OM1YwyZ7GsdorcWcb54zTUYyBikIXA7mm0lwuAaFtBJhy3zosHJpQOCcimInwP41E7JfI+rDHeolsnNAE3p/KiK2SM1Yd3wF2gj60GWPIzXMvETxxn8PL+8F10fJNpun3lhYvPNcSQT3sl1tx9xj8lo7rYC24eajAxvkfhLb/qnVfS2i6jZaPrHUml2F/qTiOytbm8jimuWJChY0YguckDCg8kCjcJJJ12dPN4jWYcWPLLG6yJuNU7SSb4VtUpJ812GSIliaIVPbNHChTz2rzBT60BzFETaMlse1VHWfVmh9BdNX3VfU18trp+nxGSVz+Jj2CKPVmOAB6kitiKZwwFcG8XukbO8vbrxF+0B1FZJ0R01IZdJ6b093dLuXsklwzqhlmc5AiUbVBxuI3lmY4qcqZ1/B+P0+v1ccepk1C1xFXObulCC95S6TfC7fw+N6Rf2XWnUM/wBqLx/m/s7pmxkMXS2huu97ooSYwiH+8APOezOSxKouD2zo2fxV8YYx1R1BfXnQvSc436dpWnkLqV7EcYkuLhgTCpxlVjCsQ/LDCltA8Jegte+0X1dF43+J9iLXpbTXMXS3TwH7Hy0PDlcYKAgZOP2jD0RQp+oJWCnH6Vo1GRQe33/0X4/X5Z7j6z8vg0WWOkxQi88Eo0qlDBFf/HjviWT3yZWm93EaataVfeGk8Utre9IdddS6NeWsqsTc6pc6nb3EYIzHLDdSOCCMjchRhnO6ujQkgAE1XRsAfpTSzYrI5OXZ83z63PqlFZpbtt03V8/L7f4tuvarGmcdgawmG70ESEmjRnjNUJTtgLwDHeqyXnmnb2bPw9q5n4z+MHT3g30o+u6wwuL643RabYI2JLqYD/4ouQWf0HuxVSUE5NRj2aNHodR5PVQ0mkg5ZJukl7v++30ly+CHip4z9MeFFhENRE2o61f/AAabo9p8VzdyE4UADO1S2BuIPrgMeCj0v0t4ldYoNe8U+prrSUnCvB05oNw1rHaryQJ7pCJpJMFchHVAVPcHjRvALwo17UNcl8cfFwPcdVasTJY2kykDToWGFOw/hfbwF/cXg/ETj6FkcRx5B707JKOL7Icv3f8A4PReWyaLwH/67xzWTMv8zN393vHFfUY/9a+6T6ajw9Nt+hb3R+pLTVtA611yCwUMt7pd9dyahDc8HayvcO0kLDP7jbTgfD3zukblhwaR87e3BpmF1A70mU93Z5jUazLq2nmdtKrpW/1fbf5duqV0kPIKkW+dCEvw4BrwcE5zQbkIsdt/emt3FIxybR7YowmzxVhRdB92WzWSoI70JGyeaPu4xjj3qBxV9i00XrSMkZGTnvVq2DwfpS8sPBNSxcoldkrWC6t86nPGV7UsqnNUxTtcHmxV105B8Elyeznav0HeqpITNMkWT8bAZz2HvW1W8UVpAsacKgwM/wA6G74HYIW9wavE0MzrjK80J7k44Hero1mZJdrHmoh2OMcUvLMO+ec+1ZE3wblx2/SlyYSQ8hwPiNTIBFU0zTNyZTx88Uza6irWu+RhvUlCB6kf6VIy9iNDEiclie1IXlnb3sTxSYZWGCM4r1xNJOSxbj29KAJwvw4yD6VcZclNWqZql9pxsp2ty+4jkEjHFal1JBcmZxbTFHkjB3Yzg8j+ldhm0qzv7cG4jAfbgOPxL/nXN+qtNmsLlBMvIymfQ+oI/jWTyq9XSy/FM0eIXoa2L9naNOhuoIUa0JaORSfhcjcwzjd+f9fShT3Nx/Z8iWW15UB2puwa0TxrXVLe307Ven7hLfUrWfbA7AbWDD4kYeqttAP9CBWx9Q2Wr9OmWWS1mntoGVfOiBIw3btyD+WO3POK8uoUrR7+GBZIxe7mV1f4KK21XxAt5/Puum7aCLnkXxkY/P8Auxj6Y/Oi3erdV600djaWLwq7DfPJgKi5GTjufXA/lRovEbpdGWzu7t0l7FJAGYY7/Orm013Qb5N1lqMLk/uhuf0OKdCM31IDPgyYuZY/6lrpcjQMInk3e3zrYBdx+UORn61pc92Y/wBojbtv8aZi1ZJow8UmQR+dL3vHKmJjFT5L66vYyCN1a9qF6qBsN9aTvNVZcqGyKpbq8mkDMCT861QypoY8aiY1K/EzeWrd65x4jzPd2DWkTD4ht/X/AK1tcsshkYv6c4zWoarEdQuxHuDFjtHNPU/cx5qfBxy+6P0a00G/v+op0tbHTmc3EijdiaRswoq87jl4vh9cgetcs6a8Jtd1HTro6nozQiSN7u3eR1VbchiAX3c4z+7tORwB8RI+y16IRdNdr+2intIityI2QPulXkPj3GF/QV84+I/WmneGNjrWo69jU9e1S8lax0qSbzIIUYKyvJjjaN3Y8nnHqQeHUTyNxh2YM2nxY0pZOj5w1fRv7N1OSO3aNI3dgh35U84Cg98bhjJOD3BxjPT/AAMg1S26xsJrSYWUJYQ3F4kbtGFcgIzgYIIkKbWUhlfyzGRIEYcum1S51W+1DUr+48557jzJAxC7m5xjjnhlx8s8EDB2/onW7bRb8XB8mR41ZLm0u4y6SRspDROoG4qynaSpBGcrsYKw7M4PJicX3R52M1DLvXVn13oGidG69BfSv04ug30EjNe6Tcw4is5I5GBMaxLmMbnkJC5WJnYKAu9Z9quDqmmWENjDFFKpxMPuw81fcBsFgE5DZJ27Tu3AEmtJ0a+k6is06t6a1WVdS04Br2aVkW4ECJhZJZAFDyRgYaRMB4wknwOs8cYb/qZLiIaVezCTLH7sVgVDbuQSQiDAEZznZ+6QWBHxb82nwOEeXaXaNmXOnLhU/k7t9neO4vv7Z1gzxyRTu1uGjQjzfLOQ/pw27jPPwnPNdcmtmLB8Ahh79yO9al4CR6NYdIf2CplF/FGzSyCFmiuMoCpVzjGM7iMehzg/CN/mR1VfMjIVl+LIwG5PIPbOPb2Pf1vQ7W5bX27F+SjL7dyqkkVLwA8j15+lCeE9yM/OrWWEqccHjIPuPf8A37Gl3iOD7V0Hj3I4jbiysCgEg5rIAA4/WmZIc55xQWjZMnNZZ6eS6GwzuJAnHrnNKXUm1TyM0eTf6E8UlcAnO40EcMmXk1CkuCvllKkjtSVxdnHem7gHniqm7Jwa6eCDiqMbfuJ3NyX4Jr1JzvgnmvVpotSOz27sWBJq3t5MLknmqa3I4NWMb8dxXKtplFnHN+Vck8WvHLUtJ1638KfCyzj1brbUsKScNBpqEZ8yX03Bfi2ngD4m4wGp/tMeJul9K9Jr0lBpsGra/wBQYhsrGSETBBnHnNGchsNgICDlvQhTVT4V+AnQXhr0JNrvinpmlXupyRfe9Rmv1SWKyQDIiQnIyM/ER+JjgEgLWrFjhCKy5ffpfP8A6PoPgvD6Dx+gh5vy6ct8nHDi236klxva3JuEXw48bnSs7J4Y+Hdt0TaSX2pajNrXU2oqrarrN02+a4fj4FJ/BEuMKgwAAPWugIc4Ar4w6Ug1X7SvVg0fSLabprwk6alKCxsgbZL1y2/YwTALuTuI7Rq3+JtzbB111x1D409a2/gH4MXr6T05pAEetavakoiwx4QxRlcfs1/CAD8bYHCAsXPTycvufPb/AB/fwa9f9IarVeQcNZqV6ii55m41HBD+VSabW9rhYoqlxFNrr60B5we9cx1G98Z+vtVvOmtN0UdBdPRStDPrkt1FcahdRjIP3SJCVhJ9JHJIByBkYrkd34kX9jqNh9m77MFvGZ7BWTUdenPnx2YDZmkyQVZtzHc5BG5gqLkjDVr0ZYwahBLe9W3d3eWN1difqDVpPOu0jslZbm/MshLWsUdyqRRxxMmdpLlwTtuOHZy/6cf61/8A0HRfTf8Ahd5tTKKlNbsanBymo8tTljUtsXJJ7Yy3t03tpbjofgJ0fcJocLeJnStxL1b0nO2j2+o6nEZEeCHiGayL5CoybdzrgswYk9sPdSfZ+6a6s8ZtO8Ydd1vUbibSo4Puumkr5CSwktGwbuFDHfsHd8nOCVrjcOodWfa/68uEtL+/0fwq0CfypBC7Qvqj8HDYxlmGDg8RoRxubn6c0S50SDf03oYRItEjhtWhiU+XbjYNkW7tuCbTtzkKyE8MMzK545XfL7XwD9QZ/I+E1ktQs2zU5IP1McFawwnX2bm3tbb/AIUlstLdyX7Te5Fcg8bfHuPw+urTojoywXXuu9bKxafpqHKwl+Fkm5GB6hcjIGSVX4qh9pLxX6d8M/D65XVbK11S/wBYVrTT9MnwyXD8Zd17mNMgt7kqvG4GucfZ++zZ05090vP1v4uaHp93quqRm5a3v4k8nTbb8XKt8KuRyxx8IAUY+LI4scYx9TJ17L5M3gfEeP02h/x3zVvHu248aX+bJd/zJ7Iv+Lq/4VK+DrPQHREPh1pd54ieKHU0er9VSWzTarrd2/7KziA3NBbggCKFefwgbjyR2UcO06PW/tleJDa3qsVxY+F3StyUt7Ukq19NwcMR++wwWx+BCFByxY6p4hdUN449TWfgX4B6HDa9IW1x96v5LKIWsF04I3TSEL8MS8YyCWbBwx2Cr7xXi0vp/TtJ+zj0JbprvVOoJFA4UFbPRoid5aKHJVJSCzmV90u0lmckrjTGDi7b+5/6L5/B7vQeK1Ggy+tmyVr88W4txS/ZsHvkcE9uN7eIq1sXEblaPruCW10+zh0+xgit7a2jWGGKJAqRoowqqBwAAAABS7XW9+a5z1r4gaF4RdFR6p1Tq0twLOBLaPc2bi+nVMADPdmwST2HJNc36P1TxA8SdPm8T/E7qW76P6Lt43u7PSdMuXtZZoApPnT3CES7MdgpG44ICjG7nLHKa3t8f7/ofK9J4DUa3Tz8hlntwqW1Sabc5e0cce5Sf9Ev5mj6XhbNMr2yf5V8meDWteKfjL1Xd6zYdV6xoXhzpupSSW8RuHe6vsEbYTNIWk24wXw2BuIXk5BvtB+OPVvVHVMfgV4JvdSavPN5OpXtlJtdWHLQo4PwBcEyPkYwVyMNWhaaW/Yn+v4/U7EfoTVz8ovFRywcox3ZX/Lhj2/UfSaXaTdPi+6+sEYLycUwjjHcEV8ddZDRvs99B6d0neFesuv9bfzLCwn3XVvb3DkL968ls+bIGAVJHXexGFCICo7l4P6KfB3wR0fSus9St7VtHtJrrUZncCOAySvM6lux2+ZtyO5HHehnh2x3J3b4/Jj8n9Nw0GijrcObesmTZjW3a8iV7pxW5vantjyuXLjrm/8AEzxB6e8Numbzq3qa78m0tRhEXmSeQ/hijHqzfwGScAEj5y8KOj+o/G/rL/v+8VLcrYxPjpzSm5jRFYlJMHuinJB/ffLHgAHUr/UurftfeKyPY2TwdEdPS/shcAiEAn8cuCC8kmPwKQQo27lyXq/1PVLbrfxh6b8P/D1pb+HpDUIdQ1nX533bVgIDW8G3CQxHGzZGqoWIwMAkvWN4ouKdSrl/C+P6nudF4CX09ocujhkUNZPG55p9+hiq1C7VTycJu3LlKKauR9SwvleT3olzLiEAmqtNRtYr6DTHnH3mdHkSMAk7FwGY47DLAZOBkgVDqXWbHQtOa/v5WWMFUVEUu8sjHCxoo5Z2JACjkk1zOX0fG4Ysk5KMYu5dfn24+eRuKXAzTMU+cY/SuRdbajfaJ0ZrPiB1rqV7ZLYWcj2Wl2F9JAkDsNkaySQspmlZ2UHnYpICg4MjUfgnL4g9ceHeia31lqWoJBZ27taxR30kFzqsgZtk1xMhDiPbtVUz8WC77gVAb6Vw3t8Lg70Pp5vx8vJSyxUIzUH+ZOLlUHf3NUk+krTTcfuPoEXGBijwy7sc18o9d+NnVXRnSGheFWgXj6r4j6lbxW95Ik3nPYyyY+AuSd0vxBQSeANxPbNouo6R9lHw4l1jWLs69191J+N55Xka4uAM43E7vJjLcngsSOxYYbHSvi3y+l8/n9Dqr6I1bxQe+8uabjhglbyRT5ydrZjrlSd33W37j6mQ5wBVP1lq/U2i6FLfdIdJHqPUw6rHY/fo7QEHuxkk4AHtyT6V8r6Lq58DNGPjf41X19rviL1Gkg0rSJ5yrWsTcldvaIYI3cYQEIqg5B3bTbjq+PpG68avtE9X6lp9ikH3iy6X0u6ksYIUYgxpKI2DzSudoCOxxnDZ5CNeDa7u1/u/x/54Hz+kP2LLHP6scuLcoR+2X77InUoYoxkpTinw53BfDurt+qOmfHP7z054qajLHq2s6JrMM/8A2V0iULaW+nyRSxThTIR59ztlHxsQFwwUYJz9Aif4AShQkZIOMj5cV8ufZuh8XPESa18Res+r9V07pSzllOjaLFcMv3sbiQ0zn45IkzhdxJbaOyjDav4seLfXfj34hJ4PeCF3dRaTZyn+0dStrhoVnCnDu0q8rAucDvvYjAb4QTlheSWy1x2/g6ut+nNV5fyH+FyyYlHTRk8mSKcYYo3eyXs3F31bcpSuUmm19lfeB6tgV5nLjPf6V8Z+KyaV0Lo+leAfRVmOr+vNXgNp51wolTS45gfMaFGJWGRwzEvnfty8jn4TX090za2vhv4faBoWsagsp0jT7PS/NjQk3EyRpGBGgyxLMOFGTzSZ4tsVK+/7s8x5X6eXj9Lh1OPK5etJ7IuO2UoLrIlbajJ8RtJvlrhW9nlX371GCzluHKxKOOST2FTP7TG1gQ3Y+lWtr5VtEEQ5PqcetITtcHmY4rdsXt9H8mVJnmyVOcBaYvXLfsw3bk4NG+8qeOBVTNdk3Msb4VgxA+Y9P4YoJOuzTGCj0GVyMj1NYluFReO9AL8cGkpbg+au7gbsc0M5qEbYcVudDUt1HBtaUgs/Zc0SHUUlwEYHjjB71rus3W7VY7RV3M69gfTaTWRDPbSgwTOqpGrAZzv77gRj1+RrmS19ZJRirUeHXyaFg+1Nvs2A3Shio7HPB9CKWh3eYzqcqeTSEwuheNc8fdxAGY5/f7AD6jFP2pzarIPUU7HleSbi1XYMo7VYx5vAAxmoMAPiPvml95DDB9aO/IGc1ojK+AOuSxtJl8vnCgenpVP1paw6hozKqqZVYGM5wQfr7Ht+dWNqMYDHPPvQNdTda+WiFnf4QAOabKPqQcX7gKTxtSj2j5q8WNFutW0AG0BYxShyR324PP64oHSPi3BDolh011jZTq8EkaS3e3crIpBBcdwcALxnJGfU10fVrPE91DdQbUkkkUqy44z/ANK5/qnRNs02+0ZcE7gjrkZ+teVp4pOJ9M8dqdFq9GtPrI+9qS7Vrn5L3Weo/DXVp765udRsmhktVi2lwqt+InI9SOOPn74rQte6f8NJZNGh0+9jiAbN1LZAuzLtJP4M4JOBn0z2PGXB0FfSSMFNlAr/AInjiy5/M9vyrYdM6QiiKoztLjHfhR+Q4pq9KXLQGbDpdKv3Gab/ABwcvg6E8Q7/AFO3/wCzPVd7Y2LajJ5/35BIosQXCeWjZYyH4DyVABb1GK7C/TUUMcUNmrKRjJz6dzmr20sYbKMbFGQKjNdLEjEYyfWsmepcIwxyOUrNTu9KIk8sAkD3qq1CJYUKkhR8q2LULyOJWYsM1pWramrMxLeuavEkuismRlVqc6xo2wYPNcf6u1/Uby/fStHkkhRSVmmjzkn1RSP4n8vet96h1KaVGtrTBlk4zxhR7/5VR2WgRW0ZZowz+prW2ooy05Pk1G96q640/SDaRdR3iW6LnDlXf5DcwJHp618r+OM9y13ZyXd2bmW5kctK7lncqdvJPJ9vyFfU3XssVtZyxxD4tjM3HZRySa+SPFxWFxpSSj9q0dy4XJOCZRkZ9cEN+tb9Avus5XlHUKNVm+8RiGVeIriESnPYnCpz+Yq80HXvvMItBqjQSxcRh3IR887T6Y+ZxjnnByKm/hdbeKLCsIoEgQg8hhNuJx89x7e1VVrC8NyoYkZV2fAyRhTgge/GRXXXKOEfRvQvWmsdK6lBexdRW1pqFt+0jdb23ZkYc4KmQgg4xt4Bz3IJz0mfXuhdf0246x0TqDTrG6tgJNT0nZLthDOsfmWhXeWhLOpZDgxnOCy4r5AsHuZ8W86zbYNpjIZj5YwRgA/l8+MZFbdo097ZypPaMWfkhmAxgjBGCSMEEgjsRkEEGrfyuy1Jrh9H294C+LdtZ6vDbW2uy3ETMXW3nAPIGMp2ce3CkcncT3H2fa3FvqltBJGylduUHAxnJ5xngnOD24NfkP05qOoWV2l3CA+9/ggYZ2t3OFxhvlgg8/LI/R/7OniG2u9MxadfzD7xYw25dHYM0ayxq2GJ+L8T9v8AizyBXJ1GN6XOs2N8S4Z19PNavA8eRcxOp3NtJA/lOOAeMjH/AE+nyoDR84xyMZq8vFF1As0MRDxAKynglT2P5dsd+fzqqli8vlSCp9f6V29PkWSPPZwNRh2SYhIvptpOQDOAasZQRnP1pN1wT2rRsRk5Qm6+1JXCD2q0ZQ3GKVmhHtVemiFHcR5zwap79MVslxH34ql1GI7SaNKinyatddzk9q9Ub7KSH616isiR2mA4ArGp6tZ6Lpl3q+oy+Va2MElzO/fbGilmOPXABqMbBRQL5be7t5bS7hjmgnRo5YpFDI6EYZWB4IIJBBrmwir5Dhs3r1P4b5ruvej558H7ePrDqTVftHeJEscUb3DW+iQS/EsQU7AUUD4mX+7QAElt5wWwaX+0JqPW3iDrPS3h9ZiXTbfqG4aSOxbhvLQjE1wR/wC5/LH4AgJJY4Ts+idE9J9KRRRaDosNslvvMAZml8jcSWEZckoCSSQuAc1HX+lun+pp7S61mwaWewLm1njmkhli3ja4V42VgGHBGcGtctRCOZZK4XX4+D6RH620mPz8fKxxN48accSaX7uKi1jUYXX2upSe627qvflXif13aeFPQlj4NeEtvI2oXTDTZbuLlo5JAN4Detw5YE4/AHH4cpTPUT6X9mrwMn6Q6avo26118RQ3U9sC04llyGfI5VVQSJFnGWywGd1dNuehOi9X0+w0m+6ethbaZOLmyEBaBreUHO9HjKsrZ5JB5OCea2b/ALCdGapocmgXvT1rJZTTLcyLyrtMuMSmQEP5nA+Pdu+dTFqYNJc92/z/AH8Faf6w8bjxafBlxzlFZXlz3tvNJO4uTvlLl+nVW/4m/uNJ8IuktI+z/wBDWekfcDqnW3USrPNY27Dz7ibHEef3IIt3xSN8Iyx7sFPNPGPo/qC76t0Pwc0PVJ26i67lbV+oZ4pXFpHbmeWQRxoTkQI5uJNpPLDd+JzX1D0/0x09035r6NpqQzXAHn3Du0txNjt5krku+OcbmOPSltc8PujeptctOpNY0fzNUsoTbQ3cVxLDIISSTGxjZdyZJ+Fsjk8cmmR1CU3N/wBv2/7CPH/WkdL5bJ5PPunOe6Tk0m3On6f2bqUMbpqO72TvhJUmgW9n01otp4UeE6LHFpEYtr3VWVZI7Enl2JxtlumJLbMbVLbnAG1H3/RNLsND02HStNhZIIQcbmLO7Elmd2PLOzFmZjkszEkkkmgWNhYaTZxadpVjb2VpAu2KC3iWONB7KqgAU9bkg5YVmlLceN12vlq5OrptybfMpSfcpP55dLqNvttt/J/h9BB45eK+tePfXN1HB0j0ncfddEjuGVYS0ZyjNn0XcJD7ySKASFK0L7Sfif1d15qmm+DXQ1pcwS646h7QoUuZ4m/C04PMMZGX2Nhgg3uFyAPpLQfCvw+6UmabQOl7S0zcteJHlnjhmbvJFG5KxEjjKBeOO1BbofpLTepr3q+w6asI9avsGfUPKBnb4QpAc8qCAAQMA45rT+0QU91dLg98vrPxuPysdesEpQwQUcEJUowaSUbSbvm5Sldt1wu1y9dI6e+yj4Harf6Hbx3usJCjXF26c3d65CRlhnIiRn4QEYUH95iTrXgR01aeGvTb9fdXmbUut+td10sKqJLxonPmCNQTwWJDyO21VyoYjbmuu9XaLo/VelXHT/UenxX2n3WBLDLnBwQQcgggggEEHNVun6NpOihzptkscrqEkndmlnkA7B5XJd8ZONxOKX61wal23ycZ/VnreOz4dRulnz5N2WXH3wSWyF3cYqVtpR5Sik0uvnm0s9W8b/GnWNV8RriBOm+hpXhksvMxaxyKxBiycBgWjZnkI+IIBhVKhXvEnqfX/HHrvS/B3pj7zp3TRVL6/uQpT7xbKciTb6RjjywwwzMjYxtNdak6C6PfVLnVn0KJp7uYXNwhdzBLMMftGhz5ZfgHcVznnOaJddF9Kajrx6lvdIR9ReAWskwkdBNDnPlyKrBZF7cMCOB7CheqhGalXSpfh/J2l9caCOrx6mGKSWHFswxqO3FOlc1HdU25XLc2n1abVrnvi54y2Xhz0vYeEng7ZyG+uoTp1tPaFj93UnYfJKndJMWJG8dn3clwQN58F/C7Rfs++Heo9X9QRedrn3CS/wBYuVG94oo0Mht4+ey7eSPxMMngKBs2ndF9GSa9b9St0zpzanaQpBb3JgUtAiZ2iPPCYycFcGt3ltbLUrGfTtQtYrm1uomhnhlUMkkbDDKwPBBBIINEs8XjUI/1/Jx9Z9U6Z+Nx+L0UJRhOW/USbueWV3Tf/SuaXu+Wr7+avAHSl6j1jVPtQeLF1Cs+o3LwaLEy7gmD5eYkGWZht8mNACx2scEkGqPxO6v62+0p4mReD3TqyaX0/p8om1EbtzRhD8bz7TtLKSAI8kByATkEj6d6W8PeiejY4I+ndBitxaKyWzSSPO1urfiWNpGZo1PqFIBr2idG9HdEx3Y6U6csdMa/fzbp4IgHmbJI3t+JsFmwCcDJx3pstTFSc0ufb8HYn9c6LH5LN5XFhcskY7NOpJKOGK4j9ttXGPPvuk2/t9+OeM2pW/gj4Tab4ceFtm9tqWv3A0qx8o/tyX/vZt2OZGyq5yCDICuNoAtfDrpPTPBfpW16G6dtYdX6tvUW61AI2FErD8c0mD5cKcquRlsHarMWreupujemeshZjqTS1ujp1wt3aSCR4pIJR2ZJEIZT27HuB7Cm7LTtL0iFrbS7GG1iZjI4jQKXc93Y92Y45Y5J9TWd5bx7H3dv8/Bwcv1LiyeIjoWpSySnLJlb/wDllf2bpXucYq/t4uTbtMx05pZ0ZZbm7uje6nelXvLtl2+YR+FEXJ2RrkhUBOMkkszMzB1jrCxj6us+kDbNJcSafNqkk2Pgto0dUUsfTcXcDn9w1ZRsFXcTwKoeoOlemuo7yO+1nTVuZY4vIIMjqksWc+XKikLKmcna4Ycnjk0pJXcjzunz4cueWTXW00/4a4dVHi0qXsk0qSXXB87+PfV2s+KvUHS3hv0wrx6BrN9hLzb/APzrIwVplB7woGcg9nKscYCk9i6p6uHS/TV7oPREak9O6YxuJ1AaPT4IYchBkFWnKqAqEEDIZxtwr23UPSPTHUMun3Gq6Usk2lFjZSxSvC9vuG1grRlSAQACM4IFT/s7S7XTjo9tptrFYFGjNskKiIq2dwKjgg5OffNPnlg4RjXCPT636j8fn0ej0eLA1DBubg6qUpS5nJ9ye1RVOKV3/L9r4B9nrQtM6T0m58a+tTLc6rrM0kOlQ7TNcyl2IYxKTueWVsqD32gknazEM+FAfxd681Hx78SpobXRdBlEOk208n7GF05Xk8EJuBz+9I2fTFdd0HonpTpmWKbRtHjhkgQxwPJI8zQIe6Rl2JjU+qrgGmel+g+i+nJEOkaFDCI5jPEjO8kcEhJJaJHJWI8nlAKqWsi5SfNvr8L4O1rvrrS6rNrdVFTWbMlCE6inDFbvHFbmo2qW9bm7k6XvyPwustP8X/EDqD7QfiZcRDpvRbg22jwXp/YoE5TKnjCKynaB8UshPcYLGuT9Qfab8Z26R1eG80roTo0reX1tKxiaQkZUy/4JHBICsQY0EnZt2e69O+HHQmjXa6hpvTsEbpO11Ehkd4YJmOTJFEzGOJsk8oqnmrFfDToJtc1DqR+nIGvdWKNfZkcw3TIMK0kO7ynYckEqSCSe5NaP2iF7l8UvwXP640K1mTV4ITi44/T0/CawrhfbHdW7bue+73NfakcF8efGvVeoLuw8BvBW0YvqsaWktxbIER7dl2iGED8MWwZMnA2DK/Cdx6PpnT/Tn2UvA3V9WsLeO71K1tVmvLpoyTe3zkRxBsHIiEjqoUH4VLH8RYnodh0P0dp/Ud11fZ9NafHrd7/fX/kgzt8IXAc8qMAAgYBxzTvUWgaL1Xo930/1FpsF/p16nlz28y5VxkEfMEEAgjBBAIIIzS5ZotKCX2+/5ORqfqjQy0+l8XpsMoaWMozzK1vzStbrfukrUFwr5aXFcD+zh0radGaJL41+I00t/wBXdbM09jCsYlupIpCXCwxr3eXhzjAVNudoDV3rp/QtWv8AU16u6wWNb9VZNP06OTfFpkbDBO7tJOw4eQcAEonwlmkz0r0b0x0qiLoejxwOkS26zOzSzCIfhj82Qs+wY4XOB6CtmB4oMuXfJy/v9Dn+d+opeY1mXVQtOfFulth1GEUm1GKXDptv5Sck+d9P6L/2L8R303S7e1Nnqwe4BdP2lvEQcRpjG1Q6N75XYMZXdXUgXxwa0TrjQdcnubHqTprEl9pxzJbFgv3mIHO1SeARlxg4B3nkYGbfpfq6w6gsY7m3MkZPwyRTKVkicHDI6nkMDkEfKuLonPTZcmDIqjdx+Kf/ADdnMm/WjGaduqZeTTTIM5NV9zOJCJH+F143DvirQlXGQO9V95a7wSg5rdmxuUbgBCST5JCYbAwIJHfNLauZjZferOEy7MZRRk5+g5pOO5e2Jjlzt9D7V6G7lScm3uSFYcAYK5rnZdQpR9OfF8flM0QhT3IVkaS416G9W3fyTaJhtpwpJOQT2BAx+tOXE65CooY57KePzNGF5qrthrO1mzwGVSM/XJqZhvJiBPaRofdAB/1pWHAsblKNtyd9NfCCnkckk64/IvJNPJCUf8PqB2P/AEq0ISysIkkIBC4+eaha6TNIVkeZQgbOAM5we3ypi+01by5gkcn9nnzMHvnHH861LHm5nGPPCQu4cJsFDJayIoCO0h75bgfSmZUCjIA7VGaO3gXKxABRnAAFYhka5tvM29+1NhCWKoz7BclLlGYHy/JOR86HfXLJcxsi7mVWYD8sf1oUTMrkelQYlrot6Ku3Ofz/AMq1YmrFyVCPUmnrqNg5EY81F3IcdmH+8fnXOorfzT8Qzz6iurPhl2bc7vauadTSp09q5t7kBEuCZITng8/EB8xn9CK53mMSpZkv1Ox4XPy8Lf5QeLSUC7igI+lZa3ihA7ACqafqu3gQs8oUY961rVPESzJMcUwJHse1eec4noHCTZtd7qCRgqGyfSta1LWFjyM4xWoah14uD5alye5rVr/qPWNVkMdpCQDxuPp/rSJ5IvhDceKXZsut9RJtYvMAB3OeK06TVbnVZmi05GcfvPjCr/nT2k9D6jrVyG1GaRwMFkHA/wAlFb9a9K2GlW8aLAp242qF4H0Hqe39MUzHJdIqcFE0az6dMcZmnBUH8UjD4m+lLahA7RmCyXyowPimYDn6f51vGo2jK6CaJ5JH4jgTk/U+n9KTHTjsPvGoOpbGfLHKKf6/Uj6YrWZ0jjGudNy3sMqW8TCAfFJPIcGQg5AHqeRknt2HPIHxx4zIR1vBpCqpi0+2CFjjvI8hbP8A8fnyPevv3reZLOym8hMqinc2eF49f4dua/PfxKd7nxC1tRjJnicNnglYQvf/ANRz6Dvgc10/H8t2cfyzSgkijupTLb3DybgiwpLt25wSMIc/+pxn6j6VW2iLMz5hyXXy1J9CeM/PgGre+sREv3RZCW/ZoNo4aNUyQffkR9/8HuKZtdMiiVI9oDFlPzHOM4rrJHBGOnNCe4lEEo+Ank4wAQMjP6Dn55rd9F02O3cwvF8ULBWJXG7cOBg9uOa1e26layghVVCzRKuJF4DKf3Tjvjn8u2McXej9RyXV6XwRuVT3+JmUjn58VTbQyKTN206xj1OSSCG3Vrm2ukhCxwqodFjj2ucABfiKZY8nLkknFfcv2f8ARPvGjaZqMMMSvAYrSSeRWyIQMoyKAAXEhO4nHwFMMMbT8SdBCe8uMpC6yT+XEWD4DvvDHjGCF2rkZB+L0xmv0S8K9NW0CWsGVtx5kcUj4ZCgKhWGBz2DD3/QVzNZ+/lHF7HW0SWHFLKzqsbmF4pInVkGY2BUHCEZKnP+HDEZ9wfWq+4LCVw0Y3KPjAP4h3BHtwQfWovOxYOmVD43IRkhlwCfmc1mcpIqsSN8YMbY5yAeCD69zXW08HHk42pmnwJSrt5GCpGQaVdRg8c044ZRt7Aj+BoLJ7V0FRzGKbM8YoMseR8qdaM96E6d+KjKKqWAE9hVbfWqlSDV60ffIquvF4PFSrIaLq+mt8Tr6V6rrUIgc16houzeShxx6e1DkiOORVmtvkVCW34IxXKlloJRso5Y/X+tA8sg1byW45+E4oDW/Has8sjfYxYX2J26MGzir6xm2jmq+O2XsBT1vEQRkYqoz2vgqeKnwXEE5PY5p+FgTVVaowIq3hTgcVqhlsSE8vJyRxRYxjgVNE47VJkx3703cXTJ91zVdqgYRqVHvmn0PoaW1FS0DqBRPoJmmXalpDwaQli5xV1JbncSR60nNb9yy/Piss8rXCLUGymaM9qiIzkVZtb84Aoa2wLZIx6UhzcuxkcPyEsGMZGe2avbefgc1UQwbT+Hg+9PxoQARmjhlceBUobWWf3pVHxNVbfXm5gF7ZqLq5POaCYGY8071ybGYe4JUAcd6AzuTTHkewqZt+OQKjzEUGxXdIV2VB1Y96eW3IH4aw0HxdqH1mX6bK2WI45pOWPBzV3LBkduKTktwM/DQyystYmyqMZFGtkKsDg96aa39McVOO3APAzSd3uH6NLksrOfao5q0gm3Y5zVRbxH2qztEII4p8M3sxDjtLOFge4ooj55HFRiXtxTaJx2rRGdkqyMYI9KZRhgZz2oWwA5xzWVxxxU3MOKoNuwO1ct6v6c1HRutZOrdEme3j1GKMTiPkNOmQS6njBTYB65U+5rpm8E8GhuRtKuFZSMEMMgj2xXK8xocnktJLBjyPHLhqS9mjRhzelK64ZoGm+Jus3OswdPJp9vvVQ0sxZslQMk7cDGeB68nPsK36HWbaUDzw0THvkZA/P/AKVR3GiaNbakusWul28F048l5Y125Q84IHHcDmnlSOXlgMH0pfjI67S4Vj1OTfJe/wDdG28eVbo8B7hbeZGeJ1cZ/dOc1q2szxWhDo5R85DKcEH+tbE+mWk/4oA2aWutEsQPhtYwfU4pmuhPPHmKTGYZRg+wnTWrNcLHdZLAjDqB+FsetbBJeQzH4WBJ7KOSa0mKCbT5CbY7QTwB6UYajqsbboiRmkYNfPEtmROw54IydxN2hefAV2WNfRV5J+p/39aNLcxQx5JwO59a0hda11lIIXd6HHIoy3mrXKZluGYcgjaB/St8fJY40qYl6aT9x3U9TeeYQxZGe+PQVbWJEVsq89qo7CwdpfMfJOeSfer1dyKFCj9KLHOWWTnP+hJRUFtRC4UgnZkFwcHHY/7NQSNcfCO/PNHl4jG4AkH0oPnxxjlsY+daYtRdi3bGEi9arOo7CzubBxd28MwCthZVDDsfQjFDn6jVsx2ERmYcFs4Qfn6/Qc1X3FxeXEDrdyLIZsRhVGAobAOPU8En8u3vWTLGScSRjKL3I9bdK9K7g7dLaPuz/wD0MWc/XbxXC/E7o1Oluo5YLW3C2N2PPtcdlUk5T/2nI+hXPevoe3YBgTjBODWneMXTp1jpldWt4902kM0pAGSYGx5n0xhWJ9kb3rk+Q0scuBuC5R0PH6qeHOtz4Z89Q6P95kACevIrZdH6ZCsJHQLGv7o7n8/8qZ0q2RYwzLjNbVY26FAW+FPfHJ+leTS+6j2UZuSsFY2UcSCK2iAAHpwB9a9MR+GH4m7NKRkL9B6+vA/M9ssTS+fmGzjZYV4LKCN59h/U/kOc4ZttPkUB2jjfC5AVsFfljGP410dPjlLoRmyKHZVRWGMusBBbG52wXb9O30qv1WzIjIUGQjuNxH8hitrdXI2rA68Z5A/zqm1KCWQNCBhuVIDdjj95v3e445ODkV0/S4MDy/BxTrq1ubxG0+3AEYBeQ7QF47DHfGQTnGDtx74+D/EDSre16rvr0hjA852S7smQhxG3HuHZl5/wn0Ir7/8AFB57aCPp/p3ZLrOrK6w5wqxoNoedl9EQEe+TsXktXyt41dA2+iadEqJ5otYwrtg9sAEkEkgAZ7kngck81s0n7uVM5/kI+pC17HGYrO41F7a9VCwdWV1XB2sCwJ+mP5UxJaslxL5UePLRVJ7YO4/L0IH5ZrHQV5nfBcbmfaXZif3iSCMf8x/T3rY00tptRvSzKkbb1UHI4dyucg9gMfI4x64PUjxwcN8qzVL7TYm34UDYDgjAyCM4+eeSPmCPkV+npnlvEs1QgsTEpAI5YFQ3P/qrcI9JlvYQVUgHjHYqykjI9PwkfoazadE6tNqcUWi6fPd3LqxMFvEXbKc5wBnAXbz24NW0q5KTl7HXfBHp2bXJ/wC0C0pt7MyAFV3gvjIAHoASCT7dvw19leHPUdh046wXdzF9zlEBlhV9yhTJ5SyAHnAypPGML64NfHPhdqNz0F1Bc6Z1VpdzBGJZhJYM33bzBk5GMfEcNkY5IxgjIrvltqB1KQa5psaW0cMhs3MCglI2VWiaNsHCFkbHGXLR4B4rg6nDOOf1b4fR6PS5oT0/o1TXZ9Zzxr58rTNgMQCRznIO1/zJGfrS5Voso3faQflwR3/jVV0Vc3ep9FaXeXKuzSKvlbu7RjBViO+SvOD/AEq/ESOdrY7Yyfp/Lv8AlivRaSbliUmeb1kFDJKCfQm+XChh+EYz78k8/rQigPOKdeAqSrKQwOCD3BqBiOMkVtOdtb7EynHahSIOaeMQ5NBkUc8VAWitePPpVddwk54q7ZRzkUjcxgg5xVlGqahEwzxXqev4cg9q9UoiRvaLxyP0qEyehHPajAYPAqLpn0xXn2zZCFcsQKccAn61Aw7jnFPCIZ9OakIQfnSx/SFYoOe1NQw/LmjxxAcetMxxBeT/AAq0hU6MQRgcnGadhwMDmgYxRUY8YpkbTM0lY9GfepvgDt+lBhPFEc/PtW2KtAp0iGRmgX8v7LaO9FQZJJ7VCeJSDkZzVNOiJlDIp5JHB70lIg3VcXcOwdqQaMH0rFO0zXjSoRMeeMV5IOc4NP8AlDvnGamkI70scxeODtwacih4+X0okcIJ7cUyqAds0SRmyULtaAjIwaitjweKdQ4oqMpBFNjHcL3UVX3YA4PFYeIKcelHnz5mQeBQ5CDgd8c1bikMVEGiVY9woXl5OcfpRmkBXbUBwcgf5UD4Lpti86jHbmlmT2FPOmT2/KoiIZx+dLbsdFJCHk5OcUaKD5U2sIPzo6QjtVVZJAIYR/hp+CMAc4r0cIXGR+lFwQf6UxIyzoZh9O9NRnPBpFGP5U5Ec9604hPTCvgDtzQS6rzzkVNyRnJpR5Md6ZNUW3yHD5NRdhgmg+aAKiZcnvWeU0EueBHX7trHR7u9VN4tojOyhSSyp8RCgd2IBA9MkZ4ommy/eFQtxkcjIokro2VdFZTwVYZBHsR6g1Q6NNLpcsVvcGVo4yIxKy4D4GM/n39qTHJ6c1fTNuGP2tG7xRgLkDGahLAH4x/CipOsiAocgjgj1oiR5OPzroUpIvoqpNPVjkDBqC6d8WMGrvyue9RZEj+I+nes8tNBvoYsskIxWMYADKMViC0jEsqKBt4b9eP6UxcXUEKsS4H1OBQdJlW5jmuRnEjYX6ChlihGkgoybtjUaKh3YHH8aKDG43dqgqOzEJGXwCcAZNHe2aNVM2FL5OPajXHCKfIjesIoHkU5IGfrVDLG90267csCf7sfgH+f51da3iC12qfxMMVQmY/hVWY47Acfr2oMz5SLxp0TcxxrgkBVH0AFBgLXEwnKkRITsBGMnGN36EgfU+4xL7u0zBp+VBGEHbI9/fnkfke4zU5HSAb5WVFPYscZ/wA/ypK+WM2tukPQuMYz9RTYaGVGguYkljcFGRhlXU9wQfQj0rXpNbt4h+wjeU+5+ED+p/QUs+vagwKpHCoPspP9av1YrgatHlfNUcisraW2mazuQRLA5ikXHZ1OGH6g1t1rYT3USpHuVT3IqwTRLIXtzfm2jea6kaWUyKHBZmLEgNwOSe1W1tJJbKEWG3MfqnkIn/yQBv41xMfj473ObPRR1UoQUUhe20iOBFO3sOM0V7RGGCgJHvTwuLW4IihfybhjhYpD8Lt7K/bP/C3PsSaWlmwzJISGU7WUjGCD2wfWuhHEoLjoT6iyP8lfcW6OhSVNykYKtyP0PFa71DfNbwm1060+93hGI4Q2xVH+J2wdiD3wT6AMcKdgvZZJRsj5z3YjsPlQI7SMREIgJPLMWyWOPU49uPkAAOABRbfgCXBzm26Ot7W4uNT1GVbzVLr++nK4QLnIjjQk7I1PYZJyMsSTmuU+NXQ0eoaJcG3h+MqyEDjjB44/32r6F1aA7dxVv51onV1r51hNGiJJJKvlRBjkFmxjI74A+I45xk1K2u0Lb3Kj8zINJTprqCYXy4VJiI0wSWXnnjsOcfnx7i9upLhrqOa7nZVaMuyqQNu1c5GeFB2d8f4T2Oa3Xxp6ITSOoVvFhkkBYJk8k5I5P6fTv8q02xEt4Y5zIfNlONxPY+555+Y+QPoa6kJ7kmcLLjeOTibDoXm3N86RBR95dZRlgijc34cscD4nC5JwM54AyPsX7PukdJ6J0wepvIgm1SEKjFZQ4uNxYERKOGZJFcFeT8ByARtHx3obJEFicEhdiEH0G5SrY9SjYOPUOfQ13bwTs7266jtV6nubq8iZUlRGn3/eUDrtJlY7cHapIHHmKcDfurn+TjKWO91Jc/qdDxUo+pVW3/odd8SI+s/FqV9P0rwd/s5ROqXF9qU0WCoyB8BQ7sbmKkZZeCp+L4t28H/AKTpyzefqS7iuQ0KQybEXEqgsfxEZIKuqkjuqqNuOTuun6tEtkseqQXaWsZ8stI28L6BCpAZXA+IBhhlJYYJZRvFlfxQwoYMtGwAHwj8J5weM4wRye/z5rFp8izJLr3a+Wb88XD7l31fwStre2tw8AUKinCqOwwqjj29j8s+1ZSNV/Hw3sRijuARIFlPlrkncx4wM7vzX27ke9K79wBbcD65xXpdLJNHmNWnfJIqSP51Box+dEXOP54rB49O9bDGLutKzrTjmlpRn3qFNCEme9J3DgZzT044NVd1kVdi2Vl8y4Y16g3hJBya9Uso38DII5qWAfTNCL4/yqcZZhjdXA2M6DaRjnOOMYqUaHGPepLHlgaahgBA96rYA5PshHGFORRwOARRRCB61BwADyMiiUaQqV+4Njj1rMbkHHrQnfBryH585qJ8i2WMTAYqckgC4zSay4HesPN7VqjKlQA5G6gYz8qxJIucntSQlb3oU0zDPNRy4LStkrx1Ld+9JMMcjisNIzP3om3dxms005OzWvtVAwCSPejJHnk1OGEHGabS3AFAoFOTBxgAYrLHA70ZkVfbFAkIHANG1Ql9mC2ATnNL/AHh92KKrA5qAiGc0ceuC4tLsFKXY1EIcdzTJUY5ob+womg4yvhAgn0rxTipE98Cokn0oJKxiZ4qCO1QwTkGpqGI5NTSPLZNKcWRyIohPGTTMaBTkGiQwKcYo4iUDNEoASk2CHbgioMfY0V9qj50uzYNR8CQ0b84/KnI3A4qujOPnijiXA707E6AY3I424zVfM43HntU3m74NKTSE0WV2iLsy0pzjPzrwl9CaW8z0Ne3nPesjNOOC7Du+ec/wqu1u7i03Rr7U57O4vI7S3kuDb20Rkmm2qW2RqOWc4wAOSSKaDljjOfpTEZBwODQGhOim8Ptf6pfpXSLjrnSUstVltle6hgJISQcH4ScrnhtpJK52k5Bq9uOs4RdfdrGCWZ87dqRlmJ+goF3btPHiOTZIDkHHH0Py/j2qGhXENprttFqOyFifhJYbWIH7pOM449MjNV+0TwVGT4fyOTjlbaRZpd9Y3Dh7bp6YJj/6rIn8GYGqu41nqSe8ewOnCOQEpsX4myPkuc101HSRAVYEe4OaCNOs1umvVgQTsNpfHJFbZRnKnGQClFdo5TJPql1IbW9VoijYdMYOfnW06bMlvbpEG5FbDqHTlhfu07KUmP7696ob3pPVF3fc7u3fvjzNyEfPjOfpxWZ48uOW7scpwkq6Nh0cRvGZ96ndwMHtWdYniggWRwCgbB5xjP8Av+NaXM+rdPubRtTV3l+J0jBG0emSeQTz2P5Cq55Z5nDTSGRhzuY5P5n1pnqtxpqmV6Vu7LjVdSivNsEPxKhzvz8u38aWTYq7nIUDkk8cUvAuPibsPnVVquq+c33aE/sx3P8AiNZ82oWJXLs16fTvLLbEPfay7N5VoSqqeWHdv8hSJneY7pHLHHrzQIzz6HNMqo7gc1z/AF3kd2dyGnhiSUUZQ5+EfSiBAexxWApx8RNTz8Oe9HHIypIwBg9+3apAg9sUN2GMrQvOI780+MrEjE9rFcx7JcFSMcjIqQhmnjMEz+dcRr+wcg75VAz5bH1bH4SfbBzwQETkAVGW4LAbXKsuCpHcH0P5GmKVcC5J9rsXDoyjJGT6YwaC4CMGH4vQ9zTWoSiXy74IoW8DM6YyEmU4kH0yVYfJx7Ug7McFCOPQ81V7XQSmskbBXgSZT8PPtWna9YRyXVsHt0fDSzA+zKuzgfNZD/1FbtNEZVDowDehPrVHqaFp7Z3CqQzwlD3LFCwI9xhKNrchPTPm7xo6JTVLOZ4o8uh80ED1B7fTIr5isNHl0+8vNMmQq0BcBs44AOD+h/6196dVaXFcQyQ4G1gy/wCtfNXiB0dDZ6h/aaRbY3DCYYx8POD75Az+nzpuGe3gyanHuW5dnPdNNvbakgntpDHcAwv5IUv5cikcKwI3KGBBxwQCMFQR2ToTUZrWa5sdUtobS502SWSzu0nMYeBj5kkLSghgojiRopCQQkkTjaNjLxfUre5S7iMBDAjbJlSF4PB9u2Bx7fOuoaLImo2dnd6e8TXNmjTR20W2N5Uikz5abiQzpLudM5LwXAGP2Kh71cVOCv3/ANBWinLHJs+i9c1+6sOlLidUKn7otn/aEo3QyknCrIyj4eX27QRkFGRVCsE3vwy67lvdItOn7y8FxqFukUAlOF89RGWVgoVV5UEn0IJxnuPn7ofWNDilt9Lhmmn0zV42jHm3HmqyjBZCHQK0YAjXYN6oHkXc/wC2NdZg0uw6JhW60yBFktA9xbx26OyyCNOSXJZmJRpAFxg5CgjaTXLzSjppRR2dPjepUpWju0VyDHPDIfidc9xyQTk/kfX6fSiQpui2SjDE5YEY/KtF6Q6/03XrePzZUs7ueOTyYZCoLng7hnOeGyMEjk/Suis7SKsijy85zt4Ge/ArtaHMpcL/ALfBxPIYHDl/917iwVTkA8jtUXJxxR2UODtXBUc/MD1/39eKDuyNp7jkfT1rqxZx5KhWTNLSMewp2Ucd6TmXAoxYlO2Kr7kbs09P/Gk5BxjNQHsp7qEtmvUzcrkEV6oUbgU+LOKmi+gNZ4zmsg857VyEamGjAHP501G+FxSitg8YoqMTU2gtjJegyc8+tZ3GoNk9zVSVldgyuecVHBHvRdueRUWAFKqgXGj2cChyPjIqeePypaduaLc6AoIj+9QkbcMCsIwPIqLHnGaithpJM8q/9KNGvPNDUgjtRFOBimJWMYzD8JpgP60mHJ/pRlJNRKimwjEHuD3pdwc4qZLHtUcZOM96CUWyqTBlSDXl9z+dEK+4qHHIJoE6AlGjznAyTQN25qJKeKCBTLbfJcFyT2A969sGawG/Os5waIYSKgdqnGMc0INk+woitjt61NpBxH4FZLk8UujGiEtipVIEjJ8qCUyM4orZPc1jacZpck+yONgsEcHPNTycV5sDtWCRVRbXQtoHI+OO9LsWJ7VKZsEn2oTP6j6c1Umw4RtkGO3g1HzP3SaxI3fmgsxAoHyaYxaGVbn09qYSTA/lVasgzyRTEbjPOKHokk/YsFYEZoczKUKYBB9DQDcAL3qp1ie4ki8qKNmRsiXb+LGP1I7ggZPbjGay6/Vy0WmnqIwc3FXtirb/AAhmONstdE6jhg1EWlvqnlKJBGSysY9zYwM4xg9sg8Hv646RYalaahE0lpcRTKjFGaNwwDDuCR6/51866rp+v3MryabqdraxoCnli28x2HPG4vhPT9zIA5yOK17wlHUdq+oappmuXFs0d68dwyAeTO3myZLIfhyTjHBIDnGPxD5/4D6/1Ory5Y6jT3TVRhbmrdU1Kld9u0qu0ux0kp9ex9aNIiLuYjFUWr9V6VYMY1nWadTjy0+Ig+ufQH5GuBeJvih1hDHLp2iarcm/gQRlYQFxIwVlztxwRjucgM2PcC8MteOu215ePBcWsjvGZbWfbvikAKvkDseFGSAWAVsBStetf1TGfko+Ojjau022uHV1Su/i7q17jIaV1ukzo8l3PezvdTtmSUksf9+lHhXNIwseMU/bt9Ofeu72G+OEJazftAos4W+Jxucj0HoP9/1qmHP1+tR1O5LarcqxwVk2/kAAP4V6Ns8+9cPU5XPI7O/o8ShjVe4xGvrmjq3AqEQ49zRgvrxS4M1toyGP4e9ZLYqOPixjNeYnBz2rVFmeZ5myOe1Bc4JwayX7j0NBZ+/ORToyEyRhpT6Co7iTkAjPeo5ycg5B9KyDzjFOTtCmGtgJ7a8sWYZC/foCXIG+MftB88xFjj/7YpbYyndjg8HHvRobltOu7fU0Ut91kEjKq5LoOHX/ANyll/Omb2xFjeXGnlt6wOQjEglkPKN+alT+dMrcv0FJ7ZtfPIqF7pVfq9k01qZVz5kJEi7Rk/CckDj1AI/91WmwHaMc4P5VKUbV4xkc0cegZM53qsRbLHZLkAq8f4SCOD+eT71zTrbQUurAsqL5hI5PuD/r/KutaxAYg0agFIiQoz+EemPltI+mDWnavFHNC8TADcCPnzVgM+X9d6Wm0t5poY2aJzgrj8J9dvy57fWqawllt5GitJSLlD58CmRQiSKMYJOCAxEWHz8PlHOAzNXaeoNJHkSF1BB9PfHH9K4zdQQx63cRzD9ilu5Em0HKFSrjn2JyfmCDn00Y5b+GY8sNjtEhq2q2k86SxT2TWd0JgGUi5CbiVRmb4y3C5Vuxzn1ruvTnjG2udMJbzMJbm1kiW5tC4zICVYPCDwSmW2opD4WMKwAGODXEN2+p3MjojTJaxQIyr8GFhRCzDjLcMWP7xYkkMCxf0K8l6evDf3dwwcrtiCMQAvf0x7HjjnNFn0sdTBRfaB0urnpZuumdx099TtLSLUoY1ilN2SsVpHh4p4WUOqIQA4Yq0abT8aMQAcFq+rulNQ1Kaz06S8vYpPv9nFcKVBKRuyZaIjPDfC5HPoe9fGGm9cS6ho82qXErRSRgRzFH/asrSRxo4AB/ebYfnJEADuJH1l4bW08/R1rFqZaO6u5FnildcP5qsDEWJHuExkDO/ByWO64YoxVvtB5c8pPauYv+/wDub/iQgOwAPbihMMc9zTPmJMi3MZwjoGALZwxAOCfzI+oNCkTHwjnA4ro4pblZyMkWnQrJ/WlJzkHmnHUnNKyx9+f1p6YgrZvpSko4P0qwlXPBApOWPAPYVZVFVcZ5r1TnTk5r1QE2tWJoq5x2qSwNkYXFEFu3euKpfJpq2Q3bRkVNJR2NReMj2oYDA/Oop8k28cj0ZLdsc0VouMUO0GBzTLEkfWtUYcC0KsNvagyufamJRSsgIOcYpeRJdlN+xEScHAoEpz25oyxt396hLEx5IpW9NUDXIAMwHANeDFsZo/lYXtUVi9cVW5BJnlJog+lSSB8dqk0LKOcVNwxK+iKybTjFHjcN2pR1Ib5UW3BLjNFB7nRJKkPIm4E1Bo8c5o6nC8VB8nJzWnYkgBdm4NLl+eRRpV4wBmgFSx+lZ51FgvkxI/FLmXBIzTTRkrjBpNomD5INC5KXRcE7DK+e9eLZ7VFVJPANGSFie3NU5DCI+lT3beaIIG7j+NDeMgVHNFqLCJKDxTKfFx86r1DA9/r8qsbUYUe9NxLeBLhmXioR+HimmJIpeQZ+dOlBJFdC8rnOahv4yBWZAQe2DWFjYVm3KLAfIvM2c4pV3NOyxE+nelpoMd6CTTYzFFsWLn5VBnHaszKO4HNBI55BqqNkUzLOM8H61gXB96E3y7UBi3pQuIzbY95+RjNQL/OllZvXNZZifShoJKiFwIm/atGjMowCygkfKuTeGHUdvpb9XHUjcizsrm5vDKkJZIok82R+R+E7UJGcA4xnO0HqV5C9xbvbpcSW5lBQyx43xg8FlzxuAJIyCMgZDDg/P/h/BqusX83Rkq+dZ31yl3qkkse/fFDyyMTyN7MMMMEMq84Jrla2KhmhPHH7rfNLnjphNtcHadN0dbnRTHfrJDd6gTcXTxYSQF2LmPPoAGCZHxBVGCKa0LpnSOnpJpNLjkjEwwYy2VXkEkcZySPUnuacHz796KhNMj4rRLL67xR32nurm172OjJqNWPQPyO1WdqOxqqhzgelWdtk4x3rogGr9Vwvaa55oHwXaK4PzA2n+QP51G1Y4wSM5/Wr/q/TBc6J99CEyWbiQYGTtOAw+nZj/wCmtZspMqMnP9a4Otx7Mt/J6Dx+X1MVe6LqEkjFMKvcY470tbHPbFNrgnil4zY6PeWTzjFQkQqMAUwHC8Y/OhOASfnzWyCTMs27EpAR6Ypd296cmAx+XFIzMB/1o2qEt2QZjn6c0VCWAJxSu4tgnjFGifjBOKKLKYwVBjIPJNNOxm0+xuSAWjRrGUjP4ouUz7kxsn/KaVU4GB60xZEy2mo2e5QViW+j3ejRHD4+Zjdv+WtWN26+TNl4qXwB8xlc/LjFYlkO0k4zUNoAwe1RZu4B5qJkkUGvDEfnYG3hWB47nH9f5Vo9/H2B57qTgjH5flW+6wqtbupGcgjFaPqEqoTv5yQAO5Oc/wBKtMDs5/1JGHEhQ4DHcqjjj/f86+fddmaxvblGypSRyO3qT/8AqBX0H1NHLJHv9NoyO+OPevn/AKvaWK4vY3AYM+Ru+LOFAwCeQp9hx3p+nf3GbVL7LBff5lIUkYlUFSW+JQABnvwcDH1xRBKlxewwyyFXlk2M0YBKg47ZwNvPY45JqvEkEMUV00wWREjiiBGQRluc8jgj5ccHFW1pZxyQwz243tNsfDH4SvxAgYPOPw8ccGt9Uc3tn1F4O+Fen6Jb6ZrlvMl47tIIrpJSwuFdSQEAYcEDBHBw7A+hXvnTFveRy3bXF07xWcbQkM+cSyOZJAcAdh5Z5AJzkiuBfZ56vZLOK1uYbeK7jWWCMBWChCQ5ZVBABHxk7cAhQMKQDX0Dc6pBouiKsMO6OEl2CMAZXzlj35LnJ447/lyYZZYck1N20dzJhjnhB41SZb2Fw5vL213KUBjniVWyFjcYCj5b45CP/V8qdByAfcZrX9LvBd9Sz+U3mBNMtzLIE2Bn3Scbedvrxnir8BdijOSFGa7OmlcTh6uG2fPZFtp5AA9D86XlXI5FHJ54FDdcjFajE0Vsyj5UjP6irK4QjJquuAQKuyqK2544xivVi49a9U3FUdBVFxjHavELjIFYDAHvXiwHbGK4yidHbXIGZAOaEsAYZ9RU5ZMcmsLIAKpLkuUU0FiITANHUhuc0m0oJGKmsmAOeK0xyUqZkeNphnGTgihGPPf8qyZR3JqSMrH1pORubGQxe7PJCD6VJrcAcCipgVM4PH8qWoh7UhUQetREAJwKbwO2a8FA9avaybUCVVHGKg6Ag1NyO+aFI5xV7Q4qhdowSRU44hG3yqHmDOan5y+3PpVx+12gckFJDKOCABUmAxnFKJJz3ogl45NaPU4M3pvoy6Z7fnUVi9RWRIp9TRkxwcVllcnY+ONJERbjGT3FCeFC2CMU4Mbc0BxhvlUUQlFIGLdVPIFeBUHGKIx4oGSH71biFSGCARketLzRgcUbdhcD9aBLJg81HEtIgIARmmI2C96CsoAzXmlBPHb60zG3ARkx3yh1cGhuoPFCWTGPirJlGe/ejnktcC4423yRMXPIoiQA+lZQhjnBNGTHArM4t8j/AE0gTQBRwKSnt8k4HFWpAPv+lCkjBolEtJIoprcD0xik3gYZyvyFXlxCAMYpN4u/HejcRiKl4CB2pd4c9h3q1khyOxoLQd+M0t2PTVFd5RHpj2qJBHGKfMI9qWljxxj9aEvsQuoEuoXgkd1SQFX8tyjFT3AZSCpIyNykEZyCDgjk3gzZzad1f1DpJjcR25khDHJDeXMyDDdmHDcj2rsPlbjiuadAWX3Pxi6riJGJbe4nA/wmS4ifH6NXP1UUsuPIlzdf7gy9mdJaE545qcUDEgAU/wCSG7iiw2wU5xWxSQTYK3tzwMVbW1vjBAqMMQAp63UEjFRyFuYV7GO8s5rKYkJPE8TEdwGBBx+RrlliJI2MUy7XRijr/hYcEfqK7DAg4/T61zPqqw/srqq8hGdlwRcKffd+L/57653kIb4KfwdPxeWpuHyFtj2wKfXHGR+VVls3A54qxQ4Xk81zocHeatBCQDkCsEjPahsx+dQ3EjAGTWuDM81Zl03KT3qrvQY2yeKuFII55FV2rxjyXYA8D1Faf4omRqmVqShiT70WM49KpdP1BJ8srZ5xVokmex70lPkZtosEbj+lOaRPHBrNhJIitG8wgkDdtkgKNn8nJ/KqyOQA45rMwMkLorYJBwR6VpxyppickU00NmKS2aS1mYNLbu0MhHbcpKt/EGlLlypx+VWWv3EEusXFzaxGOG7WK6jHv5kauT/zM36VS3EnqfSnT4k0Ii90ExDU2Dxtgd60PUog9+6MeIkD4IzyxOSPmAox9T3rdbtiyN/DmtOvwTqEw2/iRefTjP8AnVESo07qSFpocqMs3OeOMj/f8OK4D1/b7b6fIG9lOQcgE5JHf6j9a+ktbgV4mkBCkKcc/P8A0r5o8T74RdRC0K7lkBJAPJwAOD8yDj+PtWjTfxGTUuoGtW0A+6R+ZneZDhTnsM5znjkucf8ApPyzZ4jS1t3JKeWzEnPO0kHgYx3B/UUpYi3+7OWAZoxuUKMZHoM+/B459u4NYS5+83SKikI2GUHsuffP0Hz/AIV04uzlSR2Lwn8UbfR7t9I1a3uzZ3oEam3fZJHJ8PlupJx3HrwxbawKnFdfnveqobKJo9bk1DQZHhkUqwcpEzx7S7HLhQjk5yQffGfL+YtEtomy6M6bfiDISrAjsePpW66RrPUFtqkEFh1DctaowlEQlbMW0nlQeCRnA99o9qwajR3P1Mfv3+f/AGdTSa5xh6WS+On8H2t0NrA1KVtbESxR6sEWAeYrHaIxIobGRvBaRTyfwAe1bntAztGB6c1yTwv6s0290mx0cyxommPDGp2YZ2Mr72GGONrN27lUJ7EZ7Bw2fh24OCB6Z5/LvTtM3BuEhGtrJWSIHZk8VjZkUUoVNYPbJramc6hOeMEHIqqukAzxmrqUAgg5qsukBJAFSyUUNyo54r1Gu48Z4r1VbJSNxGO9YY4GeT+VQV8jOa875HFYTWmAlbPrQDMw4BosnIJNJyDBzVU0wrTCG4IOSTU/vf8AxUg7gZ5NRUtyeTRoFotFuA/G6m4ZPnVPC3I5p6FzjvVbSnwWiSDAJ/lRFfPrVcsuD+I0dLjiiUWL3obLjFQd8579qCJ1J96z5y5xmpRFJEWJJ4JzQZXx6miyOKWdiTigobFoA7lTwagZ29zWJh7Uq7Be9Uk12FwxpbrAIzU1u8nvVazljwTUlY55zmjoGi2hkB5B7/OnYpOMf0qohYjHJpxZCB3PNVtBk6LISg8V6Tbt+dJJcBec5xXmuC1W0wFK2FDDsagzLmh7+M1gHPJNC0xqaCljt/rSsrZ9TRmfjApeTkZIqmmy0wZnYetQ+8FTyTQpMgk0u8nGASKtfkjosPveP3qIs+8j4qqlLfOmIG5zmiaspIuIZBjvmmllAqric4BzRlmx3JqULlJIslfPOa87LjtilUnHArDTgjINXTRSdmZiGzSjpg8ij7t3rWGBPPeqDsVaPP8APtS7RY7g08VoZT1x3+VC0wlITaIE8DFLy2+fSrTYueRz9ag8IPYUDiximVS22TnH61zDTh/Z/j/q0JLbb+xj2Ak+kMJOPzjNdjWADnn8vWuMnSI9L+0XYRi7uZ3vbCS7mkuHyS5hnXC8ABf2a4A4HYAAYHN1ja2ce6JJ2dcVBRUXHpXlT9KmoFO9qBbsKncd+KctyAQaUQc8Gjxk5GPpUSbYJc2jAfFnt2+taf4o2GE0/WUH4GNvIfkfiX9CG/5q2uBsYXOcfxNL9S2H9taDeacoBkePdFzj9ovxL/ECi1GPdicDTpZ+nlUzm1lLlRzmrON9y9jWu6Xch0GGzV5CQw4PFefjw6PV3wHJz8hXkyT2z9awozxRFXHINaIsW0T7Dt2pfUITNbuADkggfWmFyPWsyKDGe/atmLlUZMvBwzw+1qe50yKS73LKwBcH0OK323u1I/FmuZuJNA6n1XTJUEYjvZTGAe0ZYlP/AIla2vTtQ8xBhvpWSMuaZokkzbkuQcHNGWbIIPtVLDccAg0wlxjua0QlRmnE2DVLxryDSLgKFX+zhbrx/wCVNKn8gtVNw2BjJ75qwvGWLpbp2dzjedQUn5C4yP8A8jVTLJnkHiteR/cY8f8ADX6/7is+OcnjtWq63tjkMgzhcE84yPX+ea2m5YAZ3elaxqpzvzzk4x8qpBexrusnFozZ9wcj518q+MEpXWEMTESB+Pln+XvX1bqUC/dXQNghcZ+VfL/i1YFNZ88LgI2MEe/Y4+uK2abifJi1T+xmp2l8yiNTJiEuJZAR3OecZ7g9z/6QOMZrYL6GNbi7mtmDwtL5aE87sHG455OcZGfT5nnT7fdJKryuyrwFyMgj19f4cCtmtniKiZ5XIXGRjagOc5zz3wP0HtXRpRdnMTtUX+mzeVEVUxshIXk9ye3zPHfH9RV7ol61tdJd/sikDLJiYBlkI5AYHgj68c4rRoLqSaZhGrGONcE5IAHPHy/61fabb39zbPqUJH3eGRYd7nZGZWxhRnjIypPsMZonNJFKLbPpX7POqI+sXGn3l2HZQ7qUJkaPYOPw5Xj94txyAa+pWnl8zEud44zt4/I+o4r4O8MOpLrpS/sdeVj59zcrEHDbll+JQEA9huU+54z2GPsTw71qbXOmLW+Ykl90KnAOfLcxgjAHfZ29O3vWBTTzcHRyYnHTqUjcw6tgg59Qay3bANKJMoUAdvSiecO4bityZzXRicgZHNVtwe+BTk0oI4NV9zKecn6VYLK6628nNeoN5KOTmvVKIbOGzxUie1DBA9eK95p7gVkSfsOlKiRIxmk7g0dmYjOKVlDMaLawVkFGJJ7VNQT3qXknNTCEY471VB7rML8Pb070ZZuMUFlPbjio45z/ADqFS5HVm+dFEwx3pOMEfOikgAc05U0Z2uQ3n4PBqQlJ5JIpYcnNEV8Y5qpJ1wFGr5GAxPJr2eO9Q8wYwO9YMjN2/KlU2MclEjOeMVXTsd3anJSSMUq0ZbntUcWi4zsCufaiqoHNZWIjPGantIHYVKoO7JJJtoqTZPelCMevepRgg+1XGkxc1ZYKxYVLB70GJgB7UZpQOwzTGuBS7syTgYxWQfShhmY5NEXtk0lqh8XaMk/OoseKwzlc4obs2M8fpVqLYLnQtcE/KkuSe1NyBmNC8kg/5VKaCU7IqpaiqdvbtXlQj071hlPv2qBdh1m4x7UVJvWkQDmjxjHejg0ImmN+aMUNpSTwaiRnkGsBCTRtAIZidiAN1MIfeloVbtmmlGBzxQOKGRbJeUT8q95Jo6gY9KnlfligGsVMJzUfKXBFNHtya9tGc0MuibhG3aG5iS4tpklikUOjowZXU9iCOCCPUVzvU+ntRvvHjTdYs7cfddP0NTdXDAYiDvdIoGedzHIAHsfbIvriwTozrGwu9MiWDR+pp3tb22U7I4NQKPJHcouMDzQskcmPxuYD33lq3rnU7jT+pxHBc+Ur2ESTbWAZl8yXAJ78Zz+Z9Ca52qpQ+/2aNeiwPVZViTo3W6t1jfEcgkXHwuBgN6H6YII/KgIM96pejdWi1GKTTfvCl4VaWNO/tkA9gcZOPXHpV+oAPxYHoavG1lgp1RNVp3pcrxt2SUZpi2XDGQngDA+tCUbsBeSeKOGVVCKeB61oxx5tmZ/A3ETjIoqSYOc96TWXao2nvziphjkHPeqm7HR4RzHXbP8AsbqS7tlBEUr/AHiLIx8L84HyDbl/KnbVxgAGnvEm0AjstXQYMbmCQ+pDcqfoCD/zVR6fOWUciuBqIenlZ6fR5PVwpl4hz6URcY470tC+RyaZUg1IOx74RNRzyamY8pjvx7V5SRgnnHyonfGK3YjFmR8+eLlkNM8QGuYgw/tC2iuXbHG8ZjwPosan/wB1E0OZmQNmtp8dNLlmh0fUwVCW80sDYHJ3qGH5Dyz+tanoICouPz+dZ8mOsrDhPdjRt9pIduPenkHuar7MjAORTwdRzmnRiKk7LzUnVuk+mlODh9Rz/wD51qq37VznI79/WmNQmI0rRLNh/dw3E35STsR/+NV8jlVOGya0z7MmNJp/q/8AcFczcnn8jVBqByVGfUVcM25iR2FU2psDIFDdz7VEST+Co1P4bZmUelcM8Q9Ej1a7G1AWZgp/Pj/Ku560Qtmd5C8Vz1dMj1G7V5D+yds7guSBnuB602E3F2JnFSVM5BpPhfLeanHYSSTbLhiEKxbmBHHvkncUAGOQTjsM0GvaM+i69eaTBqInSzlMbtGeMg8gkcZB9M/I4ORXTfE/q6+6b04dN6WzxX+o/Es0XEsUHYgEDcVY7xjOO5HIzXJoI7jyWhlBRs4UbhkN7/P+fzHIOvTLLll6knx8f8mPVPDigsUI/d3f/BY2U0HmR25kMFumHkMa72Zc5JOCMnGT6cZrpnWXXvS+s9KdMdE9P2vk6VpS/ebuNwVDXKrsBIJbuu9nwx3eZ71zjR9Pi0cxa5q1q80bKXs7dh8F3IpIG85z5Kt+Lby+0xgqSzxgs7OW6fZIytn4+B7Djjv+X+lap4lN3fRlx5XDijs9jBbf2FZdTXF4rzyTRJJEqfDJKpIWT8ZUb8Nk78+ZkcZUV9ceG2ktoHRelaXP/eQ26llIxtZsswx2HJNfPn2dOhrjUbaPWbxWhsYriRlhIytyGVCrsTkkZx2II8tRnvX0tG6KMKAAOAM+lc3TweNyt3yzo67Msu2KVcK/1LR7lmP4hzn+n+/1rKXJPrxVd5uTnPNEWUYx2rdGZy5RHmkDcg80nO3fmvGXb86WnnBp0ZpixO7J554r1CuXBBIr1HaIbZkmpIpPJqER3cU0i5HalJURuyHlkjn+NREAY+lMFcjt3qUcfNF2DVC33XnsKibbHp/CrHbxzQ5E44qnxwEmVrwc9qEYcHtViyg9xQTECaXt5D38C6J8qmY89hzR1i9CP4UVYflR0AJBGB4NY2MDk06YecgZrzRALzUJQqoJPrRQhrKKA2KMqenFWimrAGLJxgV4WvGcUbZzzTCJhRVtJkXAgbXjtUGgAXtmrJlFAdcd8YoJKwk6K14KwqYOMGnmjB9MVARYPAoVH5LlKwSpxRo4wfSiLFjkCpFSoA4FGCiEqqiZHeh+YccCiNGzckiseWR3FVtvstzrhA1BbmpFPcZ+tEjT14ohUn86NccAd8iwtwxz3rP3T6U1ElF2gjmpXuWiuNtg5xQXg57VZyJ6igMoPpS2r5DjKiuMODyKIieuKYMQqaRdsjtUiqKk7ArHzTMcII9KysR9qKoxzxRESIiEA5AogU4zU1ORzXv0qmWQDkd6l5xHcVFhk8YrO0t3H60NBx5Mb2JB9KhfarY6TCs17IFDttVQPiZvYCjLHWs+IWmX81nZ6naxb4tPMpnX1VHCfHj2Gzn2DZ7AkJyycItxXI7BGM8ijN8DvVVgetOh9RTp1j/adsqX1jHIg3fe7eRZ4OATkGSNAfkTXMertR6bur3QOrdJttv/AGutJruWR5HdmeIQhYiCSFKqzKQMAeWQcmtm6f6gurGVZ7WUB1HAz3+orQtb8NOp9f1WS70XUrZ7WK/l1GLSTiFo3lKNKICxIcsyhgCVCgEfFxXJ1OZ58X2K5HUx4JaLOs0P4V/sXWn65Lp11DdWSlDGwYEYyMc/TH1/Suq28sOoWdvqVsEEd1Gsm1G3BHwNyZwPwnj6Y965r1F0zP0jq33R4/Mt5CTDKwBOPUE+47H34PGRWxdG67FaynTb07ba5IIc/wD039G+nofl9KzaTK8GR4cvB0PJaaOrwxz4eff9UbariLJz8XpWRICORxQLkft5It2DGxQ4PqOD/GsIrY9K7DlSo85GL7GUkRk2jORRkk+dJbXU7s0RXx60tyQ1Jgep7D+09AvbVV3OYi6D/jX4h/ECua6ROCq4buMiurpIDleCPWuTLB9w1O7sSNogndFB77cnb/DFc3XRupHZ8XOrgzY4GPHxU4rfIVV20ntVhE+T271kgzqy+B1DuGe1EAAxzxQI2OOO1GDbsY9K6GIxZY+5rXiXpY1Ho++KJue3UXCfIoQWP/KGH51yDSZFXCnFfQl3BFd28lrMoaOVSjD3BGDXzZuGm309jPIA9tK8D5OPiViD/EUeWP3KRnxSpNM3a0nG0ZNNNcAqSCcVTaLFqWpRCSxsJrgE94Y2cD64HsRW16X0hrGoFVuI4rGBjtkmupli8tfU7SdxOOwA7kZwOaZDDOb4QvJmhBO2iesXJeewtHiKSWWmWtvKP+LZ5h7/AP8AcqvnchcjH61sfV+mSHWb3VLRku7Y7N8tuwdFCxKpJCkkKAvdgo7+mM6nJPkgYB9cj1o8sHGbtCcU1OC2sycLGRjnFU15l7kD0FW0rEg4Bxj2qplYfeCWPbihRfRrnWgmfT3gt5GjkdG2sqg4bHGQTj/fpWviH7hZ6hp2h3QvbmDLwzXGF+MhQ653gnDY2jDHGeF5xt+obZZACoJB4zQo+htN1FDNNbywyz8tLbuY2JHqcYB9OTnAqvuvvgJSjVNcnDYPBnxC6v1ObVdR1ELBuZDeXJZYsKc7VzyBySM445IGQTmx8KUvdXvpI1kutG0OGaXUb2CUBJ5FTKwQsBtLcFmOSuONw+Fm+k77wn6P02wsLG9l1W+upUFxcxT6pIYVRgPLRkUgljjeQTjayjDA8bTYwabaWEdlZWltbW0IBFvHGFQYPZVAwBwOO/JAHqdMs+SL46M+PBgkm2ufk/P93m1G9e6MCKjsWCRqQiDPCjuQAOPf68k9Z8JvCe46t1xJ7iORdOs2zMSpVmf0Ax88AY54PHHOzL4Y2OneK2s2l3pNxFo8am4jEcPwqrAE4Y9tnxN69gufiGfovpzQ9P0bSoLLTUjSKLG7tuZjwS3/ABZ7k9wR78ll1u5+jHh0Jjo3ih67556HNA0q30awSytYkjVRjCKAB6Y49B2H0p9pAvw9sVBWKrt9QMcnmgySDOan8KpGd3J2xtJvnRllBGRiqwS9zmiLcYHpVqVEcR0yEHFLTS59ag04x+VLyTqQRxTFOhTgDuHxnBr1KXMmOxr1MWRgemb9aAkA06ufalbdcYAH1ptBuPaiU+QHGgykfKpBcdqgEIFRLZ4piYtoNvz6ioue9DDHPevGQDuat8kRBjg96kuD2FRJrwODVBBUUUQrgYAqEeWPeitgDBoW6CirIBB3NRaPd7UZQO5NCkk2sR6VW4LawDJtNSQj9KwzbuMVNYzjOBUU/kCSJ4BrIbHc4obErxUSTTEwKDk8cUKTkn5V4ORyagzA+v51T7LRhSCeeT3qYUHAxQ8n9amh4xULDKg78UKUYOaIWKr3oW7caDdyFVIkhFekAHIqLMI1yCM0EyFz71N9A7G2EU49KMuMUJFLGiFSo5FWpWRomAFOfSshs/OglsmvAn1NMTBCOaAxwf51MyDGDUCR6UIRIYPpxU1QH04oQODR4+W4NRkSsmE9BXhF61LcFoiDPeluTHKKS5BY249agzYPtTLJgYxQZI/UVal8lNfAMSepFEQgjGKFsY+maKi4XnvVskQ8S89qZQLjDYx65NAjAwa1/q7VZrRYLOGUBLpZllAAOQu0Y+Q+L+NIzZI447pDsOKWeeyPZpeu2+jWXUpGhsptG5YJ+BJOdyp/w9vkCSBxwJ3DpIoTbncKxcJG4JVee/FBwuAc/EK85mnvm5R6Z6rBD04KM+WiV7eXs+kS6Pcqt1b/AIoC5Ikgcdip5yPTafyIqqtJXEHl3ETRzw/iBHf2YHsQcf07ggWxOFyBVfqB3qG9VztPqM9/y+XyHtSJy3cvtD8X23FdM3XQb5bzT4J1OcrtJ9yOCf1Bq5iORiufeHuqmaLUNMcsWsplkXOMLHLnAH/uSQ/nW+QSA7W7gjNdbBkWXGpHndVjeLNKIw/HehEjsMc1G4mXOM4qAk2oXPamgLlDCvtOAeK571XCLXqiWUEn71FHN8gcbP8A9K3aF3nkwucA1rHiLaPD/Z2oAcBngdvrhgP4N+tZdSt2Ns16KWzMvyJ2jkjINWkL5A71r9nL2FXMD5we9c6D5O8yxRgODR43FKRv/hGaYU/Kt+J8mXJyhtGypGM/nWsXFmtrqU8ltbRxtK3mFkVVZie5J7nnPJrYYyScHNUuvlobpGUZDrjI9wf9a7GiklOmcPXwuI3YWxuGAnkOD7uTWw2Om2kbqIo4lf0IXn9a1DTr4pIPhJq/tNSZnUoOxzzXYi0/Y4bX5LO50yKPY78SD8Mq8Hj39/5/OqLVOkNH1LdL90EMrc+daDbuJ5yyYweSckDJPrV7LdNMoY+tKsc8sO3amSxQyxqSFxySxu4s0DUuhtWDNJYXFveKSRjcIn+pDfCP+atWuel+o4Z2ibQb6Rgf/pQtKD/7kyK7KW5BZVbHAJHP60vMiN2jbJOSA5xWGfjcX8ro2Q8jlX8STOLjpbqKWdVOh36ZP4pLZ0UD6sAK6v4ceGEdw0N5rDQskDZe3jcPk+m5lyPTsD+lOQWc8z7YLYOe/LEit0s/vGi9MalqVzKP/DW0s6oiBVTahPGPp60l6OGL7nyGtXky8VRxPXL46tr9/qe9XW4uZGiZeAYs4j/RAo/Ks2TBH3Edj+RpKCFYVEa/hQBQfkOKfhUNjFYE93LOpzFJI2vRtE0/UtMvLryvKubYR7JEABYM4G1s44/DzkEFVOeKglvb2zGAWqW7DONowMEfhOMD5547/nTvSUgFrqiOAR9wlf25Ubh/Kqe4umLHcSTzz61UsMXLcInln/CnwYmkCZ9PcUm9ypOMj3xmlrq4fcdxOTkk+/zpNpSCTn+NMUl0KUaLJpx2wO9D+9kHAAAqse5bODUBcZPJq6LotfvJOeRQnnbPf9KR849s+tRkdgOGPtU6JtsJdXJwcGvVXTSnBya9U3FbDs0OMZ/pTUR5pGB/hwaZiYjgH1p65M0ojjkbc4xmgjk54+deZmYCsBT7c06FIRLsi7YJoTOewqcgPzoJz3NW3RIqyW8n0qSkt3of5V4MVxipzRKSY3GdpzRN5OPlSqyDt60VHBPc0t8sYuOibSEGsfiz3qLqTzQTOUYoc8VC1bCdmwaYjPw4Izmk9+4hs0ZHb3oasklXJOQgk59agxIFYAYnJrzg47GnJoSDZu9Q3tmvNkHFQGTxVWEo8chNxoiYoHY5qaSYHxVbtFRph3cYwa9FjvQvxUaPAPPakjAcg3yGvCPFemYBiy9qisvrmp2FQxEMelTkIx2xmgLIayxZsc0UVTFy6MjHfFDZiM1MKw+dCkB5xTbQBFnOcCsb2NROc5r1CnYTVIIpzR422nvSoYqQOaKsgPaqk2XFIZDknvR0b8qURwTnJphXXbihGbgu7NY4IPHegNKAax5351EVYxtX09q9gD3oSzAjBJqQcE4Boi+jM0wt7eS4Y4EaM5J9gCa5ReXU7TwSfeWkMakfGfxM2Nx+pwK3/q7VG0rQbiVE3STAwRjH7zKf6A1yuO7iliWKctvUD93nNcnyOR8QR1/FY0903/QfSeYS5yQreh5opKs3K/MUrBKJhgMA49xRkY4KkEEjg1x3wzur7xjJ25pS5XKsSP40bzCw2nuP40vKrMp7A+mRSmwlGuyt6W1lNI6uGnXMgSDV4/u6tjvOpzFk+gOZFHuzqK6laTZiXJ5RiCM81wvrbS7q8siYSRJGd6MhIKsOxBzkGtt8PevdW6ggfT9T02b+1NOhE13Ki8TwhlUybRyG+IZwCCcsNo+EatFm2/u2YNfpt372P9ToC3H3m7MYOMHFHvZCm2BQSznAAqo064jj1J5C4aOUZVs8ZpzT72Oa5m1CXLLG3lQoOSzeuB+db91nN20Whlt9KtvMnPOO3qT7VQ9Y2N1f9NXOoXmUkgKTQxZ/AAwzn57Sau7Kxe5uP7Q1Ah5O8UQ5WMe/zP8ACnNWt47vSby0cjM8EiADnkqRUmt0GgccvTmmco098oufSr+1YEACtX0x98Qz3IrYLJiFA+VcdcM9Nw0W8R5/LOKYTPH8KTiIIzzTcJ4GfQ1txvozTQePhu1J69D5kKS/4W5/OnATuBGcEUS6tHvLG4VE3FIzJ+Q5/pXW00ts0zk6uG6DRqsff4eKsrR2BHfj50mkQBzxn1p22BGMk9/SvQxjweamy+ibdF2OcZqQyRQ7TLRcUaMA/r+lMiKZgRgnNSS28xgCDn2oyoKbtIA7DI+WauXRaHNG09gwYL2Y/wAOM051/MLXobVTI2BLb+RnH/mEJ/8AtT2lxbAMDP8ATmqHxZmX/sdJC52tNcQqgP7xDb8fop/SuZqJ8Nm7BH7kjiyqVUfD/rTEGQc4xmhqp4yM0cbVYdz865cTtzRt/Q6rdaoLGQgLdQywt9GQiqCaRcZHOeas+kLhoNas5B/5yj9Tj+tV2r2/3O+uLT/yJXi7f4WI/pUySaiYpr7iruSTyDSkn8aamcZwKUlYY+lZ02uSJPsWkbHehbj71ORvrQx8QzTnNpFtPsKsnqBXnlDevagnP0qLNjvQb5FJC95NtB29q9Sd9KSx2nivU1P5GKKO6QPtHrkU5E4OMnvSC4H5UVHI7ntWmDMk0WXA5zWfMA5pLzm7A1HznzzzTLEuI4XXHbvQGIBOPyoQlyM55rxYnn0qclUZDEE17eW4/rUdwzXlIJAzRqXsxbiE7YqaPhu5qSxgrUGGDUa5GR6CtNj1oUg3kvnmvHGO9QLgDv2oWvkKJ5H5xk4HamoyCOPWq4thsijJKQODQRYUlY9uCjH51gyLnHtSRmf3rHnH1OKK/gBxGJCDQWPqKx5mexqJb371OQWie8j3rw9+aGWHfNFiUEDBpidgVRkPgUQzfARn0rDKFoDsAcUEuB0eSZc45OfzrG/HIJoBfPY1jd/pSnIbQ9EwJAzRsgck1XJIR3opmbHBo0xbiOmQKDUGZcYNJ+c/rXvNz681dgUFYjsKGGI5rBY+p4qJYZxVptAyiE3knFZzg45oaYZsA0yEG3PtR9opWjEcmD3o/m4Gcmlj8JrxbC4DVVDKszLPju1C+8sPWoSZY5xQyhz61VEocius8E8UzHJ2PNVYDL27CmYnxUbKZWddiV+n2njyRaSrcP64QAhj9AGJPyBrQY/JufjVwfXINdWLArgjPoRXNequkLjQpG1fp6J5LIZa4tV5MA/xJ7p7juvflc7OXrtO51kidXx+rWNelL3EpLcryrYI7H2okNw0mY5ARIPX3pey1W3vYlIYA9+KNImGVlbnPeuRVnbUgplAIVuGrDShiMk8+1AmkDHLk596xHHK67hnHv70nY7H+okrA3dqLolGztx6VddE6jpvS+sLf3NlKc272heHkgM6NubJzxs9PftSaLgEH0rxIGABT8beN3ERmjHNHbI6k1n0r1ZZXB0yS2814yDNCu2WNiPhZwNrd+cN3x8617yZen5Vs7zS7m4l5KFGDRsAe4OcjJ7ZwflWnRl7eZbq2meGaPlZI2KsvvgjmrW46w1a6iijvpFd4TxMihXZfUNj4T+QGK2LUKX8XDOZLRTxP7HaNwtzqN1GGu5Et1PIhi5I+rH/AC/On0t4UjAKbvfJ5Naja9XadGimVp93qCmf602/X2kx7Qtvdvj2Rf8A/qjlOLrkUsORexoVqnk3M9sc/spXTH0Yiry0PAqlku4bvXL65topI4pZmkCuBkbuT2+eaurbsPcc1ymvudHoI8wRZwfPIp2PGM/OkYG4zk8U3GcKea1YuhMw+7GOavOmWjbVIY3G5ZMoR75Fa8Rzu3Hn0p/SLo295BMD+CRSfpmunidUc7UR3RaKaWwe2uZbZjhoXaNgfdTj+lGWJ028elW/VtqLfqC6CKds22YH0+IZJ/XNIwxyEABT8q9HinJo8tkikxuyyEwQacjU59fpQbeGULnZT0UbYGVYE8dqcm0IPRxksP61Z2kSgjIz7/rS0cRBGM/WrS2gOMlcjIHf3ockuAorkt7JTt5+X8hWheNFywj0ixZjskeacjP7yBVH8JGroNl+DBx8OBn8hXKfGW6L9SWNoTlYbISgfN3YH/8AAVytU/sZ1NFHdmiaSuFABPzFZG7dhjWYyTgY4qZUdq5sHR1shY6PN5N7E+cbXU/xqHVrtH1BqCk8tcPJ3/xEt/WgWz+XKvPaj9byA9Q3DoeHSBv1hQ0yS3IxzXNlE0mcnJ+lBlkwO9YZxn0B+VAmJxwe9UocFWgUkmTjNeU4IA7GguMHIFZ8zHrVVfDCtNBXYAYPrS00uPhyeayznseaDPj3qKFMroTuwcE7s/lXq9Iue5r1MoKzvTJj1rAI3Vl5FIyCKEG3HvxWhRoxOVoaA9O9RKjvWEz2x/CigkjvR0CmC7emKkKkwGfSvLgeoqyAmHHyokPfmpcHvWM4qAjQwBwaC/JryOO2RXmI3ZNWmCQPHGKgwJ55or7TjB7V47SowRmqfJalXIqw21NMEcGvSsoBwahHx8/figUaDcrClQaiQBwBU1z6/nxUjyO/NFREwQ/lUm9/Ws4GfTNSyDwOasjAgYNNxYx3oWBxzWVfHBPaoAwkx4zSjkZ5NMuQy4pOTIJ5qmrCi6JbAeQa9tx3NRRtvr9ay7juCKW4INTPKct9aMBSqtubOe3yphckdv4UaQLZ4rjnuaj8qMDx3qLAZ9MVZDAxjHaoMOe1FBAHGKzwe571ZTMQd+aa428UsCVP9aIjgjBIqAshIeTUA/OO1Sk9TSzHB7UVksOGFZBGOaW8zmprJj1obK5CkZ7VlTyBQ1YfKixkbu4qmSqCrnHFRIOe3FEBX/pXj3/Ogso0Xq/oiAxXGvaMy288SPPNB2jl2gsSP8LHB+RPfBJatKteooD+xkbbIvDKeCPyrqXXczWvSOpTxvsISNSw9A0qKf1DEfnXzd4jW056H1vXNGeVtQtrKae1kiJDl1Q4AI9c4+lcjWxisqUV2ei8WpZMMpSfR0i4uFkWPDjZI6qT7VZrcKsYjU8LxXz34WeJmsdR6GYNXuEnuYyDu2hCVIBVsLx6leAPw10aDrMQFVvUeMcAtjIP5jIrBK4ScWdCCeSCyJcM34TqR+KsCRDkA1rdrr9vPhop1dTyMGrGHUEYZ3A5qKSJRZlxjgg0DG9u/FCFyhOSQcVkSovBNF+hXIXI7Z5ryKHbnsKC0oya8smG4YfpQt0FFEUiK6izqPhZQK2C14UZ5qpjKh8g1bWj/CBuwaX72OTaVFlCxx/rTMbcd6rVm2tgU3HJ6+9Pxv2FSQwTwcenpU4JMMD2waAXyPb60NZQG4IFdDFOzHlVG96klvf22nalJb+ZJJAYSd2ACh7H9T+lDtmtxEk8KW6KQTlVzgjuP0oOiXC3XTk8LHLWUqzJj2PB/maTsXBsbhBn4TuHv3I/rXptHJTwo8nq8ezK0bJHgSOp8vAIOTFjIx9frRZoPLAItYpFyPwHbge/60skgkshJ67cH+dPafIJozEx5xx9Mc0yarkRHngzDbQzA5tmUj/7gyR+ZptYbeHYTbynzGXncDyO2cUvayPGy7uHQ7G/XH88frVmF8+BkUc5Dj65z/MVnm2OikeiWNQxETrt92/1+VaR4udOyahpcOvW+N+mBvOXH4omIyc/8OM+2C1b5CysqkEcgfmKldW0N1bS206B4pUMbqfVSMEfoazzjvTix+ObxyUl7Hzbb4x8qIcZxwBUpbZ7C6nspJN720zwM2MZZGKk4+oqEjZGA1czbtZ23PcrJwsA/PvReqW87US4bOYIP/8AUopISgEHdz9ab1KRbi43htwEcafogB/lR+5my9FCYyD2qMiHt7VaGBTzS0sQXOKP2EorDGM8+9BdduWHNOyLhs0pKcd6S27IAY+5oMpOO9EZgCQMd6BI2RzTEWgEjjHJr1AlkznkYr1EkXZ3xdrD5/KiJH8qFEaaQgjGBTkzG7PAbeayZAB7Vgj3P6UtIx5/hRWRII8wzXhN6ZpB5iGxjNZEwNWWWSy5qRbI9KSjlB4/pTAcEcgVZAgOO/ess+fYUIse4qO73IzUKomz8YoQlOcZ/jWST7cfOh7ec0MiUEALUVUwB7VCJgO4H6UY1SfySme3Ad/SoPMADUZTjtzSk0hX1FFZKoZ871B7VNZc9qrlm/xURJh3qyyxEmfasE859KDHIMY4qe/PYVCBN4xihvio7vQkVgt7VCqBc7ue1SAU9qhIfXFTiOfalvhk5CpH64oq4UZrykEcACot2OSfyolIlEmkAGKC03JBoUjEZ5pVpiG7Vdl9D4m570RZMjFVyzDNHjlB7YqyDhbI781gNt+tDDqR2rxY1CUEdgfagvg17cPcVF2PbFQqiJIHesbiO1DdvnzWACT3qikgqykHvR0k7ZPFLLFzng0dUI78iqbLoYSXB9KNHIT3NJkHvRYywI9qqittlN4h2s970neW8fxRZjadBnLxhwTgjtjAbPHANce6v6g0DRdDsolEovphKspQgIqoUCjHq3xZHyzn0x2jrHUv7M6W1G7EQk/ZCHaTxiV1jyfkN+fyrhj2Wnainl6ssTFHZct75965OvntkqO/4aLp2+E/+D5R6NuNd6eurOCOBYrq2V7e6iP4WdG2lSw9VIbH1Ndp07rGy8uNtRie3kxlt0ZZeOfTvzWv+I/Q970lr0mo6fBPPYX0q3CTBNwiZmw6OQOPiYYJ77gMkgmhW1tNdhBLB8Pb8qzZ4qfLR1tFCePG8afRfXnXuhWQWSwjumbdjzETbk+uQe/6VsXTfiDa6gwhExWXAIR+Cwx3X0I+n6VqVh0vbTi7hAyYnSVR7Kf9QabTpONV8hE4Qb4nHfb7fkf6VnaglwFLHuZ1O01pJed/15qxjvQ67g1VXQvh5qGs9KS6vJqMqXC3LxW4Zcq0aqv4j3zv3DPOMdjQ7yw1nQ5fJ1C3ZR6ODlW+h/2at4skY7q4MSzw3vG3yi9F3j1/WircBsc1rkeoZ7nmm4bwHADUl8j1Jexfx3OD8xVhb3nw5U4J961yK5GOcU7a3iBtrH86sZHk2mzk838VWIPA9hWu2d0qsGDj6VaC/TbnjJooSpgzQ484UYoP3lSSAfzqvn1BSSByD/OlFvAinDcDvmteOVMz5I2jeOldT8q4ns2YYubeWLn32kj+Iqw04/DKvYNEx/hn+laR01dPcaplORGjFj7ZGB/E1utjj9oB2CN/I16jxe5wbfR5jye31El2X+lv5liyeoQcfSmbSTypFwcfnSGiPg+X6Mo/lTKHB+hIrpSV2cvplpOdtwGHAlUHPpntVpaygojZ78VSSSFreJy3KNs/Xn+lP2cv/h85/Ccj9ayZI8DoPksEbaWHHwnI/nTCkOOPSkRIN4Y9iP6/60xbudxU9/aktDUzifiXatp/WN4GkQrdJHdRqoxsUjac/Mujn861G5uQBgV0rx1tPJj0rWFRFTdJayt+8zMAyD6ALL+tcekumlzsH6muRmW3I0djBJSxJsbjna4nWLPA5bB9KtEkLEknvVRYRtGpLj43PP0qwSYDtimRVIVkluY2WXHpS8+Mc1gyjPehTzAjBxRULTSEpzwear5pPUUa6lIPBzVdJI/JwKCuSlJMy7EnuKBM2Ad3H0qRYnkkUvMxI5x+tRBWJzzbckc16gXRwDjGK9V7hTmfREcvPvTkL8YI/jVYCQRTULHAGabVA0NydsA9qQmY85NOv+HPrVfcEk81GFGNirMSeD61JX45objHasHmqUmE4Dcb8/Wm0YEc1XRd6bXsKNOxe0bHPOc+tRKn0qMZOO9E/dBzV7iqB4INY3EdzUvel5GOTz7Ve4lDEbncKZyMe30quiJ3Hmm4ST3NAXRCckevH1qvnbnvT1wSARmq6ahbDjEiGPGaIr/r3oA/CTWRweKtS+SnCixicYFHQj3pKH8Io6E5HPeisFxoOw/hUGVhzU1JzisPV7ikrF5CQM5zg1mKTJ45rNxwhxS44PFU+eS6LOJsjBAr0vbINLws3AzRpeF70JKEp2ODk0mWO7g8UxPyeaUI+IfOqsYooKr9sijxPzxSeOfzo0XGKJSAcSwVgRyaLjIyCOKVX0+lGUnbnNEnQLVEip9KE2exOKN6D6VAjIJNTcSgWwkfF9aki7e1TAGTU1Ue1C5l0YRcd6YjTioBQfT2og4HHvS9xZ5x6YFYXHbFYkJ9/SoMTuHNWpNkUbI39pbajZT6deLmG4QxPxzgjuPmO49iBXBLy2utP1b75JEhbT5mjuoWGc7QVYj5j9CK78pOc1yXxHt4Y+uraNI1CXdtHPOvo7jzVBP5Rp/y1h1kd0VL4On46ezJt+TVPGPVNG03pWzt9I1Vmu9cs/NMUJ4WJ2AXBzyDhuOf7snjiuZaNK7W4iuApkTgsABv/wCIj396671907oidNnVV06L726TKZecgKwZQPQcsTx3JOa13w36a0XX9Yaz1Wy86JbZ5ABI6HcBkHKkGsk8bnNQXFnYhqI4sDyu3XfRr2kZj1qV2X9nLbIB9VZs/wD5Ctj8qDyQQ20ocg57DvXrXRNMbVQhtzhXdBiRh8ORx3+QqxXSdPTVLW0EGYZbhUdGdmBBxxyaF6OfyI/xXF/0v+/6nb+l9LGldN2GnNGEaOBTIvbDt8T/APyLVK90u1vd0EsSup4IYZGKs0/uwfU80KAAk5rrKKUaOA5ucnJ+5zvqDw7slJlsN0RP7vda1O76Y1fTzk27Oo53JzXarpFYjcoPNL3VvCRzGvas89NCbNMNVkx/k4konTKsGUjuCOaklxLH3ro2rWFlL/eW0bZPcjmtcvdNsUUlbcA/U0p6BSfDNWPyPVoqLbWPJfBJApluoC2AGAqouURVbaoHNVk7soJDEViy6d4n2dCGdZFdGzNrAkJBehyauP7tD8RrUPOl3MN54qz6MAvOrtMtbr9pE9wu5CeDzR6VPJkUflkzy2Y3M7L0npb6bpSyTrie6xI+e6j0H+/etn0wbnkX3Q/rik5QAeKe0gASGvd4caxVBex4jLkeVub9xzTZNl1EfQjbVo67ZXHsx/TNUtrxLGR/jH86u7jid/y/lTH2xQyoLW8igZIG76YPf9M0zYuWjkUDuQfy4/ypaHiN8f8Alv8A/ianpnJfP/l/51nkuGEuyxLfCpz2OP1H+lMWzYlGcZJycH35/rSZ/uQf+IfyNMQfijPqcZpDQ1Pk1/xb09b/AKJu5Wj3vZtHcpx+HDAMf+RnrgKOuM7FB9K+mOrVD9KayjjIOnXAI+XltXzEfxMPnXG1s9kkzdg5TDeao9q95wHKn8qUlYg4BrG5sDk0iOZhvgcE5JxWHkLHt+dARiRyan34PtWhZfkVIWnTcaSkXvg1YS0lNwTih3WykKvgggUu6/CcnFGmJUOV4INKuThue1E0MXJX3fwn5e9eqN2TsJr1KlJp0Won/9k=\" width=\"600\" height=\"411\" /></p>\r\n<p>2. Lời hứa hẹn rốt cuộc cũng chỉ mang t&iacute;nh chất thời điểm. C&oacute; thể ở thời khắc n&oacute;i ra hứa hẹn, l&ograve;ng người vẫn s&acirc;u đậm y&ecirc;u thương. C&ograve;n khi mảnh t&igrave;nh tan vỡ, lời hứa cũng &ldquo;bặt v&ocirc; &acirc;m t&iacute;n&rdquo;, kh&ocirc;ng mảy may nhắc lại.</p>\r\n<p>3. Người ta thường khuy&ecirc;n nhau, khi y&ecirc;u giữ lại một ch&uacute;t tự t&ocirc;n cho m&igrave;nh. N&oacute;i th&igrave; dễ, l&agrave;m mới kh&oacute;. V&igrave; đ&atilde; y&ecirc;u rồi n&agrave;o ai t&iacute;nh to&aacute;n được g&igrave; &ndash; mất g&igrave; trong mối quan hệ n&agrave;y. Y&ecirc;u hết m&igrave;nh v&agrave; đau cũng hết phần nỗi đau, đ&oacute; mới l&agrave; &aacute;i t&igrave;nh tr&ecirc;n đời.</p>\r\n<p>4. C&oacute; những người sau chia tay d&agrave;nh tất cả o&aacute;n hận để nhắc về cuộc t&igrave;nh t&agrave;n. Cũng c&oacute; những người, nhớ đến đoạn t&igrave;nh cũ vẫn d&agrave;nh cho đối phương sự t&ocirc;n trọng nhất định. Mỗi người c&oacute; một c&aacute;ch nhất định để l&atilde;ng qu&ecirc;n người đ&atilde; thuộc về qu&aacute; khứ.</p>\r\n<p>5. Ch&uacute;ng t&ocirc;i xa nhau kh&ocirc;ng phải v&igrave; tim đ&atilde; cạn t&igrave;nh, m&agrave; v&igrave; những n&ocirc;ng nổi, dại khờ của tuổi trẻ. Năm ấy, ai cũng giữ c&aacute;i t&ocirc;i cao v&uacute;t, n&oacute;i ra những lời khiến tim tan n&aacute;t. M&atilde;i đến sau n&agrave;y, khi đ&atilde; đi xa một chặng đường trưởng th&agrave;nh c&oacute; những tiếc nuối cứ đọng lại, kh&ocirc;ng thể n&agrave;o tho&aacute;t ra khỏi.</p>\r\n</div>', '2020-11-29', '5fc137d05a0b2-anhgai.jpg', 51, 'Khi thanh xuân trả cho bạn bài học về sự tan vỡ của một mối quan hệ, thì thật ra, chẳng còn cơ hội nào để bạn sửa chữa hay bù đắp, bởi người cần đi đã hóa thành cố nhân', 4);

-- --------------------------------------------------------

--
-- Cấu trúc bảng cho bảng `tuyen_dung`
--

CREATE TABLE `tuyen_dung` (
  `id` int(11) NOT NULL,
  `id_user` int(11) NOT NULL,
  `id_dichvu` int(11) NOT NULL,
  `yeu_cau` varchar(225) NOT NULL COMMENT 'yêu cầu kinh nghiệm',
  `hinh_thuc_lam_viec` varchar(225) NOT NULL,
  `noi_lam_viec` varchar(225) NOT NULL,
  `muc_luong` float NOT NULL,
  `tom_tat` varchar(225) NOT NULL,
  `mo_ta` longtext NOT NULL,
  `status` bit(1) NOT NULL COMMENT 'tình trạng hôn nhân',
  `phone` varchar(50) NOT NULL,
  `trang_thai` bit(1) NOT NULL,
  `trang_thai_duyet` bit(1) NOT NULL,
  `ma_thanh_toan` varchar(225) NOT NULL
) ENGINE=InnoDB DEFAULT CHARSET=utf8mb4;

--
-- Đang đổ dữ liệu cho bảng `tuyen_dung`
--

INSERT INTO `tuyen_dung` (`id`, `id_user`, `id_dichvu`, `yeu_cau`, `hinh_thuc_lam_viec`, `noi_lam_viec`, `muc_luong`, `tom_tat`, `mo_ta`, `status`, `phone`, `trang_thai`, `trang_thai_duyet`, `ma_thanh_toan`) VALUES
(9, 13, 6, 'Kinh nghiệm 2 năm', 'Theo hợp đồng', 'Phong Vân - Ba Vì - Hà Nội', 4700000, 'Gia đình đang cần tìm gấp 1 bác giúp việc ,nhà 2 tầng lương 6tr/tháng (có thưởng)', 'Nhà 2 tầng có 2vc và 2 cháu lớn 7 tuổi nhỏ hơn hai tuổi cả hai bạn đều đi học . Yêu cầu :dọn dẹp nhà cửa ,nấu cơm giặt giũ quần áo công việc đơn giản nên yêu cầu bác nào hiền lành thật thà ,xác định gắn bó với vợ chồng mình lâu dài,làm tốt có thưởng .( Trao đổi công việc cụ thể khi gặp trực tiếp )', b'0', '0853009301', b'0', b'0', ''),
(10, 10, 9, 'Kinh nghiệm trên 3 năm', 'Theo hợp đồng', 'Phong Vân - Ba Vì - Hà Nội', 5700000, 'Nhà chung cư bà ở 1 mình lương 7 tr/tháng', 'Nhà mình đang cần tuyển gấp 1 bác giúp việc chăm bà .Bà ở 1 mình không đi lại được nhà chung cư ,bà vẫn minh mẫn chỉ không đi lại được ( bà bị gãy chân) lương mình trả 7tr/tháng làm tốt có thưởng ,liên hệ trực tiếp 0917 908 599 /0984 016 098 ( miễn trung gian )', b'1', '0853009301', b'0', b'0', ''),
(11, 12, 6, 'Kinh nghiệm 2 năm', 'Bán thời gian', 'Phong Vân - Ba Vì - Hà Nội - Việt Nam', 4800000, 'Nhà chung cư cần gấp 1 bác giúp việc lương 7tr/tháng', 'Cần tuyển gấp 1 cô chuyên giúp việc nhà và 1 cô chuyên chăm 2 bé sinh đôi 14 tháng, ăn ở lại nhà chung cư,có phòng riêng cho các bác ở. Nhà 2 vợ chồng, 1 con 13 tuổi và 2 bé sinh đôi 14 tháng. Lương 7 triệu, tháng nghỉ 1 ngày, dồn 2-3 tháng về 1 lần. Yêu cầu: Người miền Bắc, tuổi 35-50 tuổi tính vui vẻ, sạch sẽ, nhanh nhẹn.  Liên hệ điện thoại : 0982 645 099 / 0984 016 098 ( miễn trung gian)', b'1', '0853009301', b'0', b'0', ''),
(14, 14, 7, 'Kinh nghiệm 1 năm', 'Tính theo giờ', 'Cầu Diễn - Bắc Từ Liêm', 4700000, 'Tìm gấp giúp việc làm 10 ngày tết lương 800k/ngày', 'Mình cần tìm gấp 1 bác giúp việc làm 10 ngày tết,lương mình trả 800k /ngày . Công việc : chăm bà đi lại yếu không phải làm việc nhà ,vệ sinh cá nhân cho bà ,xoa bóp cho bà cho bà ăn uống ,mình cần từ 26 tết cho đến hết ngày mồng 6 tết. Ai có nhu cầu liên hệ trực tiếp cho mình 0981 463 499 /0978 517 617 (miễn trung gian )', b'1', '0853009301', b'0', b'0', ''),
(15, 4, 6, 'Kinh nghiệm dưới 1 năm', 'Tính theo giờ', 'Cầu Diễn - Bắc Từ Liêm', 7790000, 'NHÀ CHUNG CƯ CÓ 2 VỢ CHỒNG VÀ 1 CHÁU 18 THÁNG TUỔI LƯƠNG 6TR/THÁNG', 'Nhà chung cư có 2 vợ chồng và 1 cháu nhỏ 18 tháng ,hai vợ chồng làm công chức nhà nước ,đi làm cả ngày .Công việc của bác giúp việc là chăm bé rảnh làm việc nhà lương mình trả 6tr/tháng làm tốt gia đình có thưởng làm đủ 1 năm gia đình thưởng 1 tháng lương thứ 13 ,hai vợ chồng trẻ nên sống rất thoải mái . Mình đang cần gấp liên hệ trực tiếp 0981 463 499 /0917 908 599 ( miễn trung gian)', b'0', '0853009301', b'0', b'1', ''),
(25, 4, 11, 'Chưa có kinh nghiệm', 'Bán thời gian', 'Phong Vân - Ba Vì - Hà Nội - Việt Nam', 5900000, 'Gia đình đang cần tìm gấp 1 bác giúp việc ,nhà 2 tầng lương 6tr/tháng (có thưởng)', '464', b'1', '0853009301', b'0', b'1', '5fd73305862fb');

-- --------------------------------------------------------

--
-- Cấu trúc bảng cho bảng `users`
--

CREATE TABLE `users` (
  `id` int(11) NOT NULL,
  `ho_ten` varchar(50) NOT NULL,
  `ten_dang_nhap` varchar(50) NOT NULL,
  `mat_khau` varchar(50) NOT NULL,
  `email` varchar(225) NOT NULL,
  `ngay_sinh` date NOT NULL,
  `gioi_tinh` bit(1) NOT NULL,
  `hinh_anh` varchar(255) NOT NULL,
  `vai_tro` bit(1) NOT NULL,
  `trang_thai` bit(1) NOT NULL
) ENGINE=InnoDB DEFAULT CHARSET=utf8mb4;

--
-- Đang đổ dữ liệu cho bảng `users`
--

INSERT INTO `users` (`id`, `ho_ten`, `ten_dang_nhap`, `mat_khau`, `email`, `ngay_sinh`, `gioi_tinh`, `hinh_anh`, `vai_tro`, `trang_thai`) VALUES
(4, 'Phan Văn Phương phương', 'chucquanquan', 'e10adc3949ba59abbe56e057f20f883e', 'chucquann2011@gmail.com', '2020-10-03', b'0', '5fb4fa46e6582-ali_4_zdop.jpg', b'1', b'0'),
(10, 'Trần Thu Hường', 'thuhuongtran', '96e79218965eb72c92a549dd5a330112', 'chucquann2011@gmail.com', '1970-11-05', b'1', '5fc11d84a0ba5-nv1.jpg', b'0', b'0'),
(11, 'Lê Ngọc Nhi', 'nhilengoc', 'e10adc3949ba59abbe56e057f20f883e', 'chucquann2011@gmail.com', '1979-10-28', b'1', '5fc11db7bbefd-nv2.jpg', b'0', b'0'),
(12, 'Lê Thị Mận', 'manle', 'e10adc3949ba59abbe56e057f20f883e', 'chucquann2011@gmail.com', '1983-10-31', b'1', '5fc11e6d6403a-nv4.jpg', b'0', b'0'),
(13, 'Ngô Hồng Nguyên', 'ngohongnguyen', 'e10adc3949ba59abbe56e057f20f883e', 'chucquann2011@gmail.com', '2001-10-29', b'1', '5fc12557d357b-nv3.jpg', b'0', b'0'),
(14, 'Hoàng Quốc Bảo Việt', 'hoangviet', 'e10adc3949ba59abbe56e057f20f883e', 'chucquann2011@gmail.com', '2001-10-30', b'1', '5fc1283c4cc70-viet.jpg', b'0', b'0'),
(15, 'Phan Minh Thịnh', 'phanminhthinh', 'e10adc3949ba59abbe56e057f20f883e', 'chucquann2011@gmail.com', '2020-11-20', b'0', '5fc34eaa55e0b-aeonmailhadong2.jpg', b'0', b'0'),
(16, 'Hồ Thu Hà', 'ngohongnguyen123', 'e10adc3949ba59abbe56e057f20f883e', 'chucquann2011@gmail.com', '2020-11-30', b'0', '5fcf11afef9be-aeonmailhadong2.jpg', b'0', b'0');

--
-- Chỉ mục cho các bảng đã đổ
--

--
-- Chỉ mục cho bảng `binh_luan`
--
ALTER TABLE `binh_luan`
  ADD PRIMARY KEY (`id`),
  ADD KEY `fk_binhluan_user` (`id_user`),
  ADD KEY `fk_binhluan_tintuc` (`id_tin_tuc`);

--
-- Chỉ mục cho bảng `danh_gia`
--
ALTER TABLE `danh_gia`
  ADD PRIMARY KEY (`id`),
  ADD KEY `fl_danhgia_user` (`id_user`),
  ADD KEY `fk_danhgia_nhanvien` (`id_nhan_vien`);

--
-- Chỉ mục cho bảng `dich_vu`
--
ALTER TABLE `dich_vu`
  ADD PRIMARY KEY (`id`);

--
-- Chỉ mục cho bảng `lien_he`
--
ALTER TABLE `lien_he`
  ADD PRIMARY KEY (`id`);

--
-- Chỉ mục cho bảng `nhan_vien`
--
ALTER TABLE `nhan_vien`
  ADD PRIMARY KEY (`id`),
  ADD KEY `fk_nhan_vien_dich_vu` (`id_dichvu`),
  ADD KEY `fk_nhan_vien_user` (`id_user`);

--
-- Chỉ mục cho bảng `setting`
--
ALTER TABLE `setting`
  ADD PRIMARY KEY (`id`);

--
-- Chỉ mục cho bảng `slide`
--
ALTER TABLE `slide`
  ADD PRIMARY KEY (`id`),
  ADD KEY `fk_slide_user` (`id_user`);

--
-- Chỉ mục cho bảng `tin_tuc`
--
ALTER TABLE `tin_tuc`
  ADD PRIMARY KEY (`id`),
  ADD KEY `fk_tintuc_users` (`id_user`);

--
-- Chỉ mục cho bảng `tuyen_dung`
--
ALTER TABLE `tuyen_dung`
  ADD PRIMARY KEY (`id`),
  ADD KEY `fk_tuyen_dung_user` (`id_user`),
  ADD KEY `fk_tuyen_dung_dich_vu` (`id_dichvu`);

--
-- Chỉ mục cho bảng `users`
--
ALTER TABLE `users`
  ADD PRIMARY KEY (`id`);

--
-- AUTO_INCREMENT cho các bảng đã đổ
--

--
-- AUTO_INCREMENT cho bảng `binh_luan`
--
ALTER TABLE `binh_luan`
  MODIFY `id` int(11) NOT NULL AUTO_INCREMENT, AUTO_INCREMENT=12;

--
-- AUTO_INCREMENT cho bảng `danh_gia`
--
ALTER TABLE `danh_gia`
  MODIFY `id` int(11) NOT NULL AUTO_INCREMENT, AUTO_INCREMENT=25;

--
-- AUTO_INCREMENT cho bảng `dich_vu`
--
ALTER TABLE `dich_vu`
  MODIFY `id` int(11) NOT NULL AUTO_INCREMENT, AUTO_INCREMENT=13;

--
-- AUTO_INCREMENT cho bảng `lien_he`
--
ALTER TABLE `lien_he`
  MODIFY `id` int(11) NOT NULL AUTO_INCREMENT, AUTO_INCREMENT=5;

--
-- AUTO_INCREMENT cho bảng `nhan_vien`
--
ALTER TABLE `nhan_vien`
  MODIFY `id` int(11) NOT NULL AUTO_INCREMENT, AUTO_INCREMENT=15;

--
-- AUTO_INCREMENT cho bảng `setting`
--
ALTER TABLE `setting`
  MODIFY `id` int(11) NOT NULL AUTO_INCREMENT, AUTO_INCREMENT=4;

--
-- AUTO_INCREMENT cho bảng `slide`
--
ALTER TABLE `slide`
  MODIFY `id` int(11) NOT NULL AUTO_INCREMENT, AUTO_INCREMENT=7;

--
-- AUTO_INCREMENT cho bảng `tin_tuc`
--
ALTER TABLE `tin_tuc`
  MODIFY `id` int(11) NOT NULL AUTO_INCREMENT, AUTO_INCREMENT=8;

--
-- AUTO_INCREMENT cho bảng `tuyen_dung`
--
ALTER TABLE `tuyen_dung`
  MODIFY `id` int(11) NOT NULL AUTO_INCREMENT, AUTO_INCREMENT=26;

--
-- AUTO_INCREMENT cho bảng `users`
--
ALTER TABLE `users`
  MODIFY `id` int(11) NOT NULL AUTO_INCREMENT, AUTO_INCREMENT=17;

--
-- Các ràng buộc cho các bảng đã đổ
--

--
-- Các ràng buộc cho bảng `binh_luan`
--
ALTER TABLE `binh_luan`
  ADD CONSTRAINT `fk_binhluan_tintuc` FOREIGN KEY (`id_tin_tuc`) REFERENCES `tin_tuc` (`id`) ON DELETE CASCADE ON UPDATE CASCADE,
  ADD CONSTRAINT `fk_binhluan_user` FOREIGN KEY (`id_user`) REFERENCES `users` (`id`) ON DELETE CASCADE ON UPDATE CASCADE;

--
-- Các ràng buộc cho bảng `danh_gia`
--
ALTER TABLE `danh_gia`
  ADD CONSTRAINT `fk_danhgia_nhanvien` FOREIGN KEY (`id_nhan_vien`) REFERENCES `nhan_vien` (`id`),
  ADD CONSTRAINT `fl_danhgia_user` FOREIGN KEY (`id_user`) REFERENCES `users` (`id`);

--
-- Các ràng buộc cho bảng `nhan_vien`
--
ALTER TABLE `nhan_vien`
  ADD CONSTRAINT `fk_nhan_vien_dich_vu` FOREIGN KEY (`id_dichvu`) REFERENCES `dich_vu` (`id`) ON DELETE CASCADE ON UPDATE CASCADE,
  ADD CONSTRAINT `fk_nhan_vien_user` FOREIGN KEY (`id_user`) REFERENCES `users` (`id`) ON DELETE CASCADE ON UPDATE CASCADE;

--
-- Các ràng buộc cho bảng `slide`
--
ALTER TABLE `slide`
  ADD CONSTRAINT `fk_slide_user` FOREIGN KEY (`id_user`) REFERENCES `users` (`id`) ON DELETE NO ACTION ON UPDATE CASCADE;

--
-- Các ràng buộc cho bảng `tin_tuc`
--
ALTER TABLE `tin_tuc`
  ADD CONSTRAINT `fk_tintuc_users` FOREIGN KEY (`id_user`) REFERENCES `users` (`id`) ON DELETE NO ACTION ON UPDATE CASCADE;

--
-- Các ràng buộc cho bảng `tuyen_dung`
--
ALTER TABLE `tuyen_dung`
  ADD CONSTRAINT `fk_tuyen_dung_dich_vu` FOREIGN KEY (`id_dichvu`) REFERENCES `dich_vu` (`id`) ON DELETE CASCADE ON UPDATE CASCADE,
  ADD CONSTRAINT `fk_tuyen_dung_user` FOREIGN KEY (`id_user`) REFERENCES `users` (`id`) ON DELETE NO ACTION ON UPDATE CASCADE;
COMMIT;

/*!40101 SET CHARACTER_SET_CLIENT=@OLD_CHARACTER_SET_CLIENT */;
/*!40101 SET CHARACTER_SET_RESULTS=@OLD_CHARACTER_SET_RESULTS */;
/*!40101 SET COLLATION_CONNECTION=@OLD_COLLATION_CONNECTION */;
